source,esc,cui,id,ans
data/encuesta/Arretino Juan.xlsx,EPC 1 DE 13,200557,a1,7
data/encuesta/Arretino Juan.xlsx,EPC 1 DE 13,200557,a2,8
data/encuesta/Arretino Juan.xlsx,EPC 1 DE 13,200557,a3,6
data/encuesta/Arretino Juan.xlsx,EPC 1 DE 13,200557,a4,7
data/encuesta/Arretino Juan.xlsx,EPC 1 DE 13,200557,b1,8
data/encuesta/Arretino Juan.xlsx,EPC 1 DE 13,200557,b2,8
data/encuesta/Arretino Juan.xlsx,EPC 1 DE 13,200557,b3,7
data/encuesta/Arretino Juan.xlsx,EPC N 11 DE 12,201509,a1,10
data/encuesta/Arretino Juan.xlsx,EPC N 11 DE 12,201509,a2,10
data/encuesta/Arretino Juan.xlsx,EPC N 11 DE 12,201509,a3,10
data/encuesta/Arretino Juan.xlsx,EPC N 11 DE 12,201509,a4,10
data/encuesta/Arretino Juan.xlsx,EPC N 11 DE 12,201509,b1,6
data/encuesta/Arretino Juan.xlsx,EPC N 11 DE 12,201509,b2,7
data/encuesta/Arretino Juan.xlsx,EPC N 11 DE 12,201509,b3,7
data/encuesta/Arretino Juan.xlsx,EPC N 11 DE 18,200774,a1,10
data/encuesta/Arretino Juan.xlsx,EPC N 11 DE 18,200774,a2,10
data/encuesta/Arretino Juan.xlsx,EPC N 11 DE 18,200774,a3,10
data/encuesta/Arretino Juan.xlsx,EPC N 11 DE 18,200774,a4,10
data/encuesta/Arretino Juan.xlsx,EPC N 11 DE 18,200774,b1,9
data/encuesta/Arretino Juan.xlsx,EPC N 11 DE 18,200774,b2,10
data/encuesta/Arretino Juan.xlsx,EPC N 11 DE 18,200774,b3,10
data/encuesta/Arretino Juan.xlsx,EPC 12 DE 20,200933,b1,7
data/encuesta/Arretino Juan.xlsx,EPC 12 DE 20,200933,b2,9
data/encuesta/Arretino Juan.xlsx,EPC 12 DE 20,200933,b3,9
data/encuesta/Arretino Juan.xlsx,EPC N 15 DE 18,200778,b1,4
data/encuesta/Arretino Juan.xlsx,EPC N 15 DE 18,200778,b2,3
data/encuesta/Arretino Juan.xlsx,EPC N 15 DE 18,200778,b3,5
data/encuesta/Arretino Juan.xlsx,JIC 3 DE 18,200797,a1,6
data/encuesta/Arretino Juan.xlsx,JIC 3 DE 18,200797,a2,6
data/encuesta/Arretino Juan.xlsx,JIC 3 DE 18,200797,a3,6
data/encuesta/Arretino Juan.xlsx,JIC 3 DE 18,200797,a4,6
data/encuesta/Arretino Juan.xlsx,JIC 3 DE 18,200797,b1,7
data/encuesta/Arretino Juan.xlsx,JIC 3 DE 18,200797,b2,8
data/encuesta/Arretino Juan.xlsx,JIC 3 DE 18,200797,b3,7
data/encuesta/Arretino Juan.xlsx,JIN C DE 12,201201,b1,4
data/encuesta/Arretino Juan.xlsx,JIN C DE 12,201201,b2,4
data/encuesta/Arretino Juan.xlsx,JIN C DE 12,201201,b3,3
data/encuesta/Arretino Juan.xlsx,JIN C DE 18,201593,a1,6
data/encuesta/Arretino Juan.xlsx,JIN C DE 18,201593,a2,7
data/encuesta/Arretino Juan.xlsx,JIN C DE 18,201593,a3,7
data/encuesta/Arretino Juan.xlsx,JIN C DE 18,201593,a4,10
data/encuesta/Arretino Juan.xlsx,JIN C DE 18,201593,b1,8
data/encuesta/Arretino Juan.xlsx,JIN C DE 18,201593,b2,8
data/encuesta/Arretino Juan.xlsx,JIN C DE 18,201593,b3,9
data/encuesta/Ballesteros Mariano.xlsx,EI 4 DE 17,202967,a1,7
data/encuesta/Ballesteros Mariano.xlsx,EI 4 DE 17,202967,a2,7
data/encuesta/Ballesteros Mariano.xlsx,EI 4 DE 17,202967,a3,8
data/encuesta/Ballesteros Mariano.xlsx,EI 4 DE 17,202967,a4,6
data/encuesta/Ballesteros Mariano.xlsx,EI 4 DE 17,202967,b1,9
data/encuesta/Ballesteros Mariano.xlsx,EI 4 DE 17,202967,b2,9
data/encuesta/Ballesteros Mariano.xlsx,EI 4 DE 17,202967,b3,9
data/encuesta/Ballesteros Mariano.xlsx,EPC 13 DE 17,200462,a1,7
data/encuesta/Ballesteros Mariano.xlsx,EPC 13 DE 17,200462,a2,7
data/encuesta/Ballesteros Mariano.xlsx,EPC 13 DE 17,200462,a3,6
data/encuesta/Ballesteros Mariano.xlsx,EPC 13 DE 17,200462,a4,8
data/encuesta/Ballesteros Mariano.xlsx,EPC 13 DE 17,200462,b1,10
data/encuesta/Ballesteros Mariano.xlsx,EPC 13 DE 17,200462,b2,4
data/encuesta/Ballesteros Mariano.xlsx,EPC 13 DE 17,200462,b3,5
data/encuesta/Ballesteros Mariano.xlsx,EPC 16 DE 18,201589,a1,8
data/encuesta/Ballesteros Mariano.xlsx,EPC 16 DE 18,201589,a2,8
data/encuesta/Ballesteros Mariano.xlsx,EPC 16 DE 18,201589,a3,7
data/encuesta/Ballesteros Mariano.xlsx,EPC 16 DE 18,201589,a4,10
data/encuesta/Ballesteros Mariano.xlsx,EPC 16 DE 18,201589,b1,10
data/encuesta/Ballesteros Mariano.xlsx,EPC 16 DE 18,201589,b2,9
data/encuesta/Ballesteros Mariano.xlsx,EPC 16 DE 18,201589,b3,9
data/encuesta/Ballesteros Mariano.xlsx,EPC 25 DE 18,201588,a1,8
data/encuesta/Ballesteros Mariano.xlsx,EPC 25 DE 18,201588,a2,7
data/encuesta/Ballesteros Mariano.xlsx,EPC 25 DE 18,201588,a3,7
data/encuesta/Ballesteros Mariano.xlsx,EPC 25 DE 18,201588,a4,10
data/encuesta/Ballesteros Mariano.xlsx,EPC 25 DE 18,201588,b1,10
data/encuesta/Ballesteros Mariano.xlsx,EPC 25 DE 18,201588,b2,9
data/encuesta/Ballesteros Mariano.xlsx,EPC 25 DE 18,201588,b3,10
data/encuesta/Ballesteros Mariano.xlsx,ET 35 DE 18,200746,a1,9
data/encuesta/Ballesteros Mariano.xlsx,ET 35 DE 18,200746,a2,8
data/encuesta/Ballesteros Mariano.xlsx,ET 35 DE 18,200746,a3,10
data/encuesta/Ballesteros Mariano.xlsx,ET 35 DE 18,200746,a4,10
data/encuesta/Ballesteros Mariano.xlsx,ET 35 DE 18,200746,b1,10
data/encuesta/Ballesteros Mariano.xlsx,ET 35 DE 18,200746,b2,10
data/encuesta/Ballesteros Mariano.xlsx,ET 35 DE 18,200746,b3,10
data/encuesta/Ballesteros Mariano.xlsx,ET 27 DE 18,201230,a1,8
data/encuesta/Ballesteros Mariano.xlsx,ET 27 DE 18,201230,a2,8
data/encuesta/Ballesteros Mariano.xlsx,ET 27 DE 18,201230,a3,8
data/encuesta/Ballesteros Mariano.xlsx,ET 27 DE 18,201230,a4,9
data/encuesta/Ballesteros Mariano.xlsx,ET 27 DE 18,201230,b1,10
data/encuesta/Ballesteros Mariano.xlsx,ET 27 DE 18,201230,b2,8
data/encuesta/Ballesteros Mariano.xlsx,ET 27 DE 18,201230,b3,9
data/encuesta/Ballesteros Mariano.xlsx,EEM 2 DE 17,201336,a1,8
data/encuesta/Ballesteros Mariano.xlsx,EEM 2 DE 17,201336,a2,8
data/encuesta/Ballesteros Mariano.xlsx,EEM 2 DE 17,201336,a3,6
data/encuesta/Ballesteros Mariano.xlsx,EEM 2 DE 17,201336,a4,9
data/encuesta/Ballesteros Mariano.xlsx,EEM 2 DE 17,201336,b1,9
data/encuesta/Ballesteros Mariano.xlsx,EEM 2 DE 17,201336,b2,8
data/encuesta/Ballesteros Mariano.xlsx,EEM 2 DE 17,201336,b3,8
data/encuesta/Ballesteros Mariano.xlsx,EPC 24 DE 18,200761,a1,6
data/encuesta/Ballesteros Mariano.xlsx,EPC 24 DE 18,200761,a2,7
data/encuesta/Ballesteros Mariano.xlsx,EPC 24 DE 18,200761,a3,6
data/encuesta/Ballesteros Mariano.xlsx,EPC 24 DE 18,200761,a4,6
data/encuesta/Ballesteros Mariano.xlsx,EPC 24 DE 18,200761,b1,9
data/encuesta/Ballesteros Mariano.xlsx,EPC 24 DE 18,200761,b2,6
data/encuesta/Ballesteros Mariano.xlsx,EPC 24 DE 18,200761,b3,6
data/encuesta/Ballesteros Mariano.xlsx,Comercio 33,200680,a1,7
data/encuesta/Ballesteros Mariano.xlsx,Comercio 33,200680,a2,7
data/encuesta/Ballesteros Mariano.xlsx,Comercio 33,200680,a3,7
data/encuesta/Ballesteros Mariano.xlsx,Comercio 33,200680,a4,7
data/encuesta/Ballesteros Mariano.xlsx,Comercio 33,200680,b1,8
data/encuesta/Ballesteros Mariano.xlsx,Comercio 33,200680,b2,8
data/encuesta/Ballesteros Mariano.xlsx,Comercio 33,200680,b3,9
data/encuesta/Ballesteros Mariano.xlsx,EPC 1 DE 18,201435,a1,8
data/encuesta/Ballesteros Mariano.xlsx,EPC 1 DE 18,201435,a2,8
data/encuesta/Ballesteros Mariano.xlsx,EPC 1 DE 18,201435,a3,8
data/encuesta/Ballesteros Mariano.xlsx,EPC 1 DE 18,201435,a4,9
data/encuesta/Ballesteros Mariano.xlsx,EPC 1 DE 18,201435,b1,9
data/encuesta/Ballesteros Mariano.xlsx,EPC 1 DE 18,201435,b2,9
data/encuesta/Ballesteros Mariano.xlsx,EPC 1 DE 18,201435,b3,10
data/encuesta/Bochi Alejandra.xlsx,Cuestionario,NA,a1,7
data/encuesta/Bochi Alejandra.xlsx,Cuestionario,NA,a2,10
data/encuesta/Bochi Alejandra.xlsx,Cuestionario,NA,a3,8
data/encuesta/Bochi Alejandra.xlsx,Cuestionario,NA,a4,9
data/encuesta/Bochi Alejandra.xlsx,Cuestionario,NA,b1,9
data/encuesta/Bochi Alejandra.xlsx,Cuestionario,NA,b2,10
data/encuesta/Bochi Alejandra.xlsx,Cuestionario,NA,b3,8
data/encuesta/Capuccio Sandra Encuesta.xlsx,EI N° 2 De 2  ,NA,a1,10
data/encuesta/Capuccio Sandra Encuesta.xlsx,EI N° 2 De 2  ,NA,a2,10
data/encuesta/Capuccio Sandra Encuesta.xlsx,EI N° 2 De 2  ,NA,a3,10
data/encuesta/Capuccio Sandra Encuesta.xlsx,EI N° 2 De 2  ,NA,a4,10
data/encuesta/Capuccio Sandra Encuesta.xlsx,EI N° 2 De 2  ,NA,b1,10
data/encuesta/Capuccio Sandra Encuesta.xlsx,EI N° 2 De 2  ,NA,b2,10
data/encuesta/Capuccio Sandra Encuesta.xlsx,EI N° 2 De 2  ,NA,b3,10
data/encuesta/Capuccio Sandra Encuesta.xlsx,Esc. Sup. Educ. Artistica Ceram,NA,a1,8
data/encuesta/Capuccio Sandra Encuesta.xlsx,Esc. Sup. Educ. Artistica Ceram,NA,a2,9
data/encuesta/Capuccio Sandra Encuesta.xlsx,Esc. Sup. Educ. Artistica Ceram,NA,a3,8
data/encuesta/Capuccio Sandra Encuesta.xlsx,Esc. Sup. Educ. Artistica Ceram,NA,a4,10
data/encuesta/Capuccio Sandra Encuesta.xlsx,Esc. Sup. Educ. Artistica Ceram,NA,b1,9
data/encuesta/Capuccio Sandra Encuesta.xlsx,Esc. Sup. Educ. Artistica Ceram,NA,b2,9
data/encuesta/Capuccio Sandra Encuesta.xlsx,Esc. Sup. Educ. Artistica Ceram,NA,b3,9
data/encuesta/Capuccio Sandra Encuesta.xlsx, Jardin Maternal N°9 DE 6   ,NA,a1,10
data/encuesta/Capuccio Sandra Encuesta.xlsx, Jardin Maternal N°9 DE 6   ,NA,a2,10
data/encuesta/Capuccio Sandra Encuesta.xlsx, Jardin Maternal N°9 DE 6   ,NA,a3,10
data/encuesta/Capuccio Sandra Encuesta.xlsx, Jardin Maternal N°9 DE 6   ,NA,a4,10
data/encuesta/Capuccio Sandra Encuesta.xlsx, Jardin Maternal N°9 DE 6   ,NA,b1,10
data/encuesta/Capuccio Sandra Encuesta.xlsx, Jardin Maternal N°9 DE 6   ,NA,b2,10
data/encuesta/Capuccio Sandra Encuesta.xlsx, Jardin Maternal N°9 DE 6   ,NA,b3,10
data/encuesta/Capuccio Sandra Encuesta.xlsx, JiC N°4 Mariano Boedo  DE 6   ,NA,a1,10
data/encuesta/Capuccio Sandra Encuesta.xlsx, JiC N°4 Mariano Boedo  DE 6   ,NA,a2,10
data/encuesta/Capuccio Sandra Encuesta.xlsx, JiC N°4 Mariano Boedo  DE 6   ,NA,a3,10
data/encuesta/Capuccio Sandra Encuesta.xlsx, JiC N°4 Mariano Boedo  DE 6   ,NA,a4,10
data/encuesta/Capuccio Sandra Encuesta.xlsx, JiC N°4 Mariano Boedo  DE 6   ,NA,b1,10
data/encuesta/Capuccio Sandra Encuesta.xlsx, JiC N°4 Mariano Boedo  DE 6   ,NA,b2,10
data/encuesta/Capuccio Sandra Encuesta.xlsx, JiC N°4 Mariano Boedo  DE 6   ,NA,b3,10
data/encuesta/Capuccio Sandra Encuesta.xlsx, JII N° Federico Frobel 2  DE 6,NA,a1,10
data/encuesta/Capuccio Sandra Encuesta.xlsx, JII N° Federico Frobel 2  DE 6,NA,a2,10
data/encuesta/Capuccio Sandra Encuesta.xlsx, JII N° Federico Frobel 2  DE 6,NA,a3,10
data/encuesta/Capuccio Sandra Encuesta.xlsx, JII N° Federico Frobel 2  DE 6,NA,a4,10
data/encuesta/Capuccio Sandra Encuesta.xlsx, JII N° Federico Frobel 2  DE 6,NA,b1,10
data/encuesta/Capuccio Sandra Encuesta.xlsx, JII N° Federico Frobel 2  DE 6,NA,b2,10
data/encuesta/Capuccio Sandra Encuesta.xlsx, JII N° Federico Frobel 2  DE 6,NA,b3,10
data/encuesta/Carmona Noelia.xlsx,República de Turquía,NA,a1,8
data/encuesta/Carmona Noelia.xlsx,República de Turquía,NA,a2,8
data/encuesta/Carmona Noelia.xlsx,República de Turquía,NA,a3,9
data/encuesta/Carmona Noelia.xlsx,República de Turquía,NA,a4,7
data/encuesta/Carmona Noelia.xlsx,República de Turquía,NA,b1,8
data/encuesta/Carmona Noelia.xlsx,República de Turquía,NA,b2,9
data/encuesta/Carmona Noelia.xlsx,República de Turquía,NA,b3,8
data/encuesta/Carmona Noelia.xlsx,Esc. Primaria Nº 15 DE 10 Provi,NA,a1,8
data/encuesta/Carmona Noelia.xlsx,Esc. Primaria Nº 15 DE 10 Provi,NA,a2,8
data/encuesta/Carmona Noelia.xlsx,Esc. Primaria Nº 15 DE 10 Provi,NA,a3,8
data/encuesta/Carmona Noelia.xlsx,Esc. Primaria Nº 15 DE 10 Provi,NA,a4,8
data/encuesta/Carmona Noelia.xlsx,Esc. Primaria Nº 15 DE 10 Provi,NA,b1,9
data/encuesta/Carmona Noelia.xlsx,Esc. Primaria Nº 15 DE 10 Provi,NA,b2,7
data/encuesta/Carmona Noelia.xlsx,Esc. Primaria Nº 15 DE 10 Provi,NA,b3,9
data/encuesta/Carmona Noelia.xlsx,Esc. Primaria Nº 13 DE 10 Ricar,NA,a1,9
data/encuesta/Carmona Noelia.xlsx,Esc. Primaria Nº 13 DE 10 Ricar,NA,a2,8
data/encuesta/Carmona Noelia.xlsx,Esc. Primaria Nº 13 DE 10 Ricar,NA,a3,9
data/encuesta/Carmona Noelia.xlsx,Esc. Primaria Nº 13 DE 10 Ricar,NA,a4,9
data/encuesta/Carmona Noelia.xlsx,Esc. Primaria Nº 13 DE 10 Ricar,NA,b1,9
data/encuesta/Carmona Noelia.xlsx,Esc. Primaria Nº 13 DE 10 Ricar,NA,b2,9
data/encuesta/Carmona Noelia.xlsx,Esc. Primaria Nº 13 DE 10 Ricar,NA,b3,9
data/encuesta/Carmona Noelia.xlsx,Esc. Primaria Nº 24 DE 16 Ejérc,NA,a1,8
data/encuesta/Carmona Noelia.xlsx,Esc. Primaria Nº 24 DE 16 Ejérc,NA,a2,7
data/encuesta/Carmona Noelia.xlsx,Esc. Primaria Nº 24 DE 16 Ejérc,NA,a3,8
data/encuesta/Carmona Noelia.xlsx,Esc. Primaria Nº 24 DE 16 Ejérc,NA,a4,8
data/encuesta/Carmona Noelia.xlsx,Esc. Primaria Nº 24 DE 16 Ejérc,NA,b1,8
data/encuesta/Carmona Noelia.xlsx,Esc. Primaria Nº 24 DE 16 Ejérc,NA,b2,8
data/encuesta/Carmona Noelia.xlsx,Esc. Primaria Nº 24 DE 16 Ejérc,NA,b3,8
data/encuesta/Carmona Noelia.xlsx,Esc. Primaria Nº 17 DE 16 Grego,NA,a1,9
data/encuesta/Carmona Noelia.xlsx,Esc. Primaria Nº 17 DE 16 Grego,NA,a2,8
data/encuesta/Carmona Noelia.xlsx,Esc. Primaria Nº 17 DE 16 Grego,NA,a3,9
data/encuesta/Carmona Noelia.xlsx,Esc. Primaria Nº 17 DE 16 Grego,NA,a4,9
data/encuesta/Carmona Noelia.xlsx,Esc. Primaria Nº 17 DE 16 Grego,NA,b1,9
data/encuesta/Carmona Noelia.xlsx,Esc. Primaria Nº 17 DE 16 Grego,NA,b2,9
data/encuesta/Carmona Noelia.xlsx,Esc. Primaria Nº 17 DE 16 Grego,NA,b3,9
data/encuesta/Carmona Noelia.xlsx,Esc. de Educacion Media Nº 02 D,NA,a1,9
data/encuesta/Carmona Noelia.xlsx,Esc. de Educacion Media Nº 02 D,NA,a2,8
data/encuesta/Carmona Noelia.xlsx,Esc. de Educacion Media Nº 02 D,NA,a3,9
data/encuesta/Carmona Noelia.xlsx,Esc. de Educacion Media Nº 02 D,NA,a4,8
data/encuesta/Carmona Noelia.xlsx,Esc. de Educacion Media Nº 02 D,NA,b1,8
data/encuesta/Carmona Noelia.xlsx,Esc. de Educacion Media Nº 02 D,NA,b2,8
data/encuesta/Carmona Noelia.xlsx,Esc. de Educacion Media Nº 02 D,NA,b3,8
data/encuesta/Carmona Noelia.xlsx,Esc. Primaria Común Nº 21 Lic. ,NA,a1,9
data/encuesta/Carmona Noelia.xlsx,Esc. Primaria Común Nº 21 Lic. ,NA,a2,8
data/encuesta/Carmona Noelia.xlsx,Esc. Primaria Común Nº 21 Lic. ,NA,a3,7
data/encuesta/Carmona Noelia.xlsx,Esc. Primaria Común Nº 21 Lic. ,NA,a4,8
data/encuesta/Carmona Noelia.xlsx,Esc. Primaria Común Nº 21 Lic. ,NA,b1,8
data/encuesta/Carmona Noelia.xlsx,Esc. Primaria Común Nº 21 Lic. ,NA,b2,8
data/encuesta/Carmona Noelia.xlsx,Esc. Primaria Común Nº 21 Lic. ,NA,b3,8
data/encuesta/Carmona Noelia.xlsx,Esc. Primaria Común Nº 08 Jorge,NA,a1,8
data/encuesta/Carmona Noelia.xlsx,Esc. Primaria Común Nº 08 Jorge,NA,a2,7
data/encuesta/Carmona Noelia.xlsx,Esc. Primaria Común Nº 08 Jorge,NA,a3,8
data/encuesta/Carmona Noelia.xlsx,Esc. Primaria Común Nº 08 Jorge,NA,a4,8
data/encuesta/Carmona Noelia.xlsx,Esc. Primaria Común Nº 08 Jorge,NA,b1,8
data/encuesta/Carmona Noelia.xlsx,Esc. Primaria Común Nº 08 Jorge,NA,b2,9
data/encuesta/Carmona Noelia.xlsx,Esc. Primaria Común Nº 08 Jorge,NA,b3,9
data/encuesta/Carmona Noelia.xlsx,Esc. Primaria Nº 10 DE 15 Dr. R,NA,a1,8
data/encuesta/Carmona Noelia.xlsx,Esc. Primaria Nº 10 DE 15 Dr. R,NA,a2,7
data/encuesta/Carmona Noelia.xlsx,Esc. Primaria Nº 10 DE 15 Dr. R,NA,a3,8
data/encuesta/Carmona Noelia.xlsx,Esc. Primaria Nº 10 DE 15 Dr. R,NA,a4,8
data/encuesta/Carmona Noelia.xlsx,Esc. Primaria Nº 10 DE 15 Dr. R,NA,b1,8
data/encuesta/Carmona Noelia.xlsx,Esc. Primaria Nº 10 DE 15 Dr. R,NA,b2,8
data/encuesta/Carmona Noelia.xlsx,Esc. Primaria Nº 10 DE 15 Dr. R,NA,b3,8
data/encuesta/Carmona Noelia.xlsx,Esc. Primaria Nº 14 DE 16 Leopo,NA,a1,8
data/encuesta/Carmona Noelia.xlsx,Esc. Primaria Nº 14 DE 16 Leopo,NA,a2,8
data/encuesta/Carmona Noelia.xlsx,Esc. Primaria Nº 14 DE 16 Leopo,NA,a4,8
data/encuesta/Carmona Noelia.xlsx,Esc. Primaria Nº 14 DE 16 Leopo,NA,b1,8
data/encuesta/Carmona Noelia.xlsx,Esc. Primaria Nº 14 DE 16 Leopo,NA,b2,9
data/encuesta/Carmona Noelia.xlsx,Esc. Primaria Nº 14 DE 16 Leopo,NA,b3,9
data/encuesta/Carmona Noelia.xlsx,Esc. Primaria Nº 19 DE 16 Dr. T,NA,a1,8
data/encuesta/Carmona Noelia.xlsx,Esc. Primaria Nº 19 DE 16 Dr. T,NA,a2,7
data/encuesta/Carmona Noelia.xlsx,Esc. Primaria Nº 19 DE 16 Dr. T,NA,a4,8
data/encuesta/Carmona Noelia.xlsx,Esc. Primaria Nº 19 DE 16 Dr. T,NA,b1,9
data/encuesta/Carmona Noelia.xlsx,Esc. Primaria Nº 19 DE 16 Dr. T,NA,b2,9
data/encuesta/Carmona Noelia.xlsx,Esc. Primaria Nº 19 DE 16 Dr. T,NA,b3,9
data/encuesta/Carmona Noelia.xlsx,JII N° 0210° MERCEDITAS,NA,a1,6
data/encuesta/Carmona Noelia.xlsx,JII N° 0210° MERCEDITAS,NA,a2,7
data/encuesta/Carmona Noelia.xlsx,JII N° 0210° MERCEDITAS,NA,a3,7
data/encuesta/Carmona Noelia.xlsx,JII N° 0210° MERCEDITAS,NA,a4,7
data/encuesta/Carmona Noelia.xlsx,JII N° 0210° MERCEDITAS,NA,b1,8
data/encuesta/Carmona Noelia.xlsx,JII N° 0210° MERCEDITAS,NA,b2,8
data/encuesta/Carmona Noelia.xlsx,JII N° 0210° MERCEDITAS,NA,b3,8
data/encuesta/Carmona Noelia.xlsx,JIN C de 16 (Escuela PRIM. N°17,NA,a1,8
data/encuesta/Carmona Noelia.xlsx,JIN C de 16 (Escuela PRIM. N°17,NA,a2,9
data/encuesta/Carmona Noelia.xlsx,JIN C de 16 (Escuela PRIM. N°17,NA,a3,8
data/encuesta/Carmona Noelia.xlsx,JIN C de 16 (Escuela PRIM. N°17,NA,a4,9
data/encuesta/Carmona Noelia.xlsx,JIN C de 16 (Escuela PRIM. N°17,NA,b1,9
data/encuesta/Carmona Noelia.xlsx,JIN C de 16 (Escuela PRIM. N°17,NA,b2,9
data/encuesta/Carmona Noelia.xlsx,JIN C de 16 (Escuela PRIM. N°17,NA,b3,9
data/encuesta/Carmona Noelia.xlsx,JIN C DE 16 (Esc. Prim. Nº 09 D,NA,a1,8
data/encuesta/Carmona Noelia.xlsx,JIN C DE 16 (Esc. Prim. Nº 09 D,NA,a2,8
data/encuesta/Carmona Noelia.xlsx,JIN C DE 16 (Esc. Prim. Nº 09 D,NA,a3,8
data/encuesta/Carmona Noelia.xlsx,JIN C DE 16 (Esc. Prim. Nº 09 D,NA,a4,8
data/encuesta/Carmona Noelia.xlsx,JIN C DE 16 (Esc. Prim. Nº 09 D,NA,b1,8
data/encuesta/Carmona Noelia.xlsx,JIN C DE 16 (Esc. Prim. Nº 09 D,NA,b2,9
data/encuesta/Carmona Noelia.xlsx,JIN C DE 16 (Esc. Prim. Nº 09 D,NA,b3,9
data/encuesta/Castillo Natalia.xlsx,EPC N° 01 de 11,NA,a1,7
data/encuesta/Castillo Natalia.xlsx,EPC N° 01 de 11,NA,a2,7
data/encuesta/Castillo Natalia.xlsx,EPC N° 01 de 11,NA,a3,8
data/encuesta/Castillo Natalia.xlsx,EPC N° 01 de 11,NA,a4,7
data/encuesta/Castillo Natalia.xlsx,EPC N° 01 de 11,NA,b1,8
data/encuesta/Castillo Natalia.xlsx,EPC N° 01 de 11,NA,b2,8
data/encuesta/Castillo Natalia.xlsx,EPC N° 01 de 11,NA,b3,10
data/encuesta/Castillo Natalia.xlsx,EPC N° 02 DE 11,NA,a1,9
data/encuesta/Castillo Natalia.xlsx,EPC N° 02 DE 11,NA,a2,9
data/encuesta/Castillo Natalia.xlsx,EPC N° 02 DE 11,NA,a3,8
data/encuesta/Castillo Natalia.xlsx,EPC N° 02 DE 11,NA,a4,10
data/encuesta/Castillo Natalia.xlsx,EPC N° 02 DE 11,NA,b1,9
data/encuesta/Castillo Natalia.xlsx,EPC N° 02 DE 11,NA,b2,9
data/encuesta/Castillo Natalia.xlsx,EPC N° 02 DE 11,NA,b3,10
data/encuesta/Castillo Natalia.xlsx,EPC N° 03 DE 11,NA,a1,9
data/encuesta/Castillo Natalia.xlsx,EPC N° 03 DE 11,NA,a2,9
data/encuesta/Castillo Natalia.xlsx,EPC N° 03 DE 11,NA,a3,9
data/encuesta/Castillo Natalia.xlsx,EPC N° 03 DE 11,NA,a4,9
data/encuesta/Castillo Natalia.xlsx,EPC N° 03 DE 11,NA,b1,9
data/encuesta/Castillo Natalia.xlsx,EPC N° 03 DE 11,NA,b2,8
data/encuesta/Castillo Natalia.xlsx,EPC N° 03 DE 11,NA,b3,10
data/encuesta/Castillo Natalia.xlsx,Esc 23 DE 12,NA,a1,8
data/encuesta/Castillo Natalia.xlsx,Esc 23 DE 12,NA,a2,8
data/encuesta/Castillo Natalia.xlsx,Esc 23 DE 12,NA,a3,7
data/encuesta/Castillo Natalia.xlsx,Esc 23 DE 12,NA,a4,7
data/encuesta/Castillo Natalia.xlsx,Esc 23 DE 12,NA,b1,8
data/encuesta/Castillo Natalia.xlsx,Esc 23 DE 12,NA,b2,8
data/encuesta/Castillo Natalia.xlsx,Esc 23 DE 12,NA,b3,9
data/encuesta/Castillo Natalia.xlsx,ESC 24 DE 17,NA,a1,9
data/encuesta/Castillo Natalia.xlsx,ESC 24 DE 17,NA,a2,8
data/encuesta/Castillo Natalia.xlsx,ESC 24 DE 17,NA,a3,9
data/encuesta/Castillo Natalia.xlsx,ESC 24 DE 17,NA,a4,8
data/encuesta/Castillo Natalia.xlsx,ESC 24 DE 17,NA,b1,9
data/encuesta/Castillo Natalia.xlsx,ESC 24 DE 17,NA,b2,10
data/encuesta/Castillo Natalia.xlsx,ESC 24 DE 17,NA,b3,10
data/encuesta/Castillo Natalia.xlsx,JIC 4 DE 18,NA,a1,8
data/encuesta/Castillo Natalia.xlsx,JIC 4 DE 18,NA,a3,8
data/encuesta/Castillo Natalia.xlsx,JIC 4 DE 18,NA,a4,9
data/encuesta/Castillo Natalia.xlsx,JIC 4 DE 18,NA,b1,8
data/encuesta/Castillo Natalia.xlsx,JIC 4 DE 18,NA,b2,8
data/encuesta/Castillo Natalia.xlsx,JIC 4 DE 18,NA,b3,10
data/encuesta/Castillo Natalia.xlsx,ESC 9 DE 18,NA,a1,8
data/encuesta/Castillo Natalia.xlsx,ESC 9 DE 18,NA,a2,9
data/encuesta/Castillo Natalia.xlsx,ESC 9 DE 18,NA,a3,9
data/encuesta/Castillo Natalia.xlsx,ESC 9 DE 18,NA,a4,8
data/encuesta/Castillo Natalia.xlsx,ESC 9 DE 18,NA,b1,9
data/encuesta/Castillo Natalia.xlsx,ESC 9 DE 18,NA,b2,9
data/encuesta/Castillo Natalia.xlsx,ESC 9 DE 18,NA,b3,9
data/encuesta/Castillo Natalia.xlsx,EPC N° 17 DE 18,NA,a1,7
data/encuesta/Castillo Natalia.xlsx,EPC N° 17 DE 18,NA,a2,8
data/encuesta/Castillo Natalia.xlsx,EPC N° 17 DE 18,NA,a3,8
data/encuesta/Castillo Natalia.xlsx,EPC N° 17 DE 18,NA,a4,8
data/encuesta/Castillo Natalia.xlsx,EPC N° 17 DE 18,NA,b1,8
data/encuesta/Castillo Natalia.xlsx,EPC N° 17 DE 18,NA,b2,8
data/encuesta/Castillo Natalia.xlsx,EPC N° 17 DE 18,NA,b3,9
data/encuesta/Castillo Natalia.xlsx,ESC 19 DE 11,NA,a1,7
data/encuesta/Castillo Natalia.xlsx,ESC 19 DE 11,NA,a2,9
data/encuesta/Castillo Natalia.xlsx,ESC 19 DE 11,NA,a3,9
data/encuesta/Castillo Natalia.xlsx,ESC 19 DE 11,NA,a4,7
data/encuesta/Castillo Natalia.xlsx,ESC 19 DE 11,NA,b1,8
data/encuesta/Castillo Natalia.xlsx,ESC 19 DE 11,NA,b2,7
data/encuesta/Castillo Natalia.xlsx,ESC 19 DE 11,NA,b3,9
data/encuesta/Castillo Natalia.xlsx,ET 37 DE 11,NA,a1,8
data/encuesta/Castillo Natalia.xlsx,ET 37 DE 11,NA,a2,8
data/encuesta/Castillo Natalia.xlsx,ET 37 DE 11,NA,a3,9
data/encuesta/Castillo Natalia.xlsx,ET 37 DE 11,NA,a4,8
data/encuesta/Castillo Natalia.xlsx,ET 37 DE 11,NA,b1,8
data/encuesta/Castillo Natalia.xlsx,ET 37 DE 11,NA,b2,7
data/encuesta/Castillo Natalia.xlsx,ET 37 DE 11,NA,b3,9
data/encuesta/Castillo Natalia.xlsx,Esc 14 de 11,NA,a1,8
data/encuesta/Castillo Natalia.xlsx,Esc 14 de 11,NA,a2,8
data/encuesta/Castillo Natalia.xlsx,Esc 14 de 11,NA,a3,9
data/encuesta/Castillo Natalia.xlsx,Esc 14 de 11,NA,a4,9
data/encuesta/Castillo Natalia.xlsx,Esc 14 de 11,NA,b1,8
data/encuesta/Castillo Natalia.xlsx,Esc 14 de 11,NA,b2,7
data/encuesta/Castillo Natalia.xlsx,Esc 14 de 11,NA,b3,10
data/encuesta/Castillo Natalia.xlsx,Esc 7 DE 13,NA,a1,9
data/encuesta/Castillo Natalia.xlsx,Esc 7 DE 13,NA,a2,8
data/encuesta/Castillo Natalia.xlsx,Esc 7 DE 13,NA,a3,8
data/encuesta/Castillo Natalia.xlsx,Esc 7 DE 13,NA,a4,9
data/encuesta/Castillo Natalia.xlsx,Esc 7 DE 13,NA,b1,10
data/encuesta/Castillo Natalia.xlsx,Esc 7 DE 13,NA,b2,10
data/encuesta/Castillo Natalia.xlsx,Esc 7 DE 13,NA,b3,10
data/encuesta/Castillo Natalia.xlsx,Rogelio Yrurtia,NA,a1,7
data/encuesta/Castillo Natalia.xlsx,Rogelio Yrurtia,NA,a1,9
data/encuesta/Castillo Natalia.xlsx,Rogelio Yrurtia,NA,a2,8
data/encuesta/Castillo Natalia.xlsx,Rogelio Yrurtia,NA,a3,8
data/encuesta/Castillo Natalia.xlsx,Rogelio Yrurtia,NA,a4,7
data/encuesta/Castillo Natalia.xlsx,Rogelio Yrurtia,NA,b1,9
data/encuesta/Castillo Natalia.xlsx,Rogelio Yrurtia,NA,b2,7
data/encuesta/Castillo Natalia.xlsx,Rogelio Yrurtia,NA,b3,10
data/encuesta/Conesa Mauro.xlsx,EPC 19 Naciones Unidas,NA,a1,8
data/encuesta/Conesa Mauro.xlsx,EPC 19 Naciones Unidas,NA,a2,7
data/encuesta/Conesa Mauro.xlsx,EPC 19 Naciones Unidas,NA,a3,6
data/encuesta/Conesa Mauro.xlsx,EPC 19 Naciones Unidas,NA,a4,9
data/encuesta/Conesa Mauro.xlsx,EPC 19 Naciones Unidas,NA,b1,8
data/encuesta/Conesa Mauro.xlsx,EPC 19 Naciones Unidas,NA,b2,8
data/encuesta/Conesa Mauro.xlsx,EPC 19 Naciones Unidas,NA,b3,9
data/encuesta/Conesa Mauro.xlsx,EPC 14 Vicente C Gallo,NA,a1,5
data/encuesta/Conesa Mauro.xlsx,EPC 14 Vicente C Gallo,NA,a2,6
data/encuesta/Conesa Mauro.xlsx,EPC 14 Vicente C Gallo,NA,a3,5
data/encuesta/Conesa Mauro.xlsx,EPC 14 Vicente C Gallo,NA,a4,8
data/encuesta/Conesa Mauro.xlsx,EPC 14 Vicente C Gallo,NA,b1,6
data/encuesta/Conesa Mauro.xlsx,EPC 14 Vicente C Gallo,NA,b2,7
data/encuesta/Conesa Mauro.xlsx,EPC 14 Vicente C Gallo,NA,b3,6
data/encuesta/Conesa Mauro.xlsx,JIC 5 DE 10 P Picasso,NA,a1,6
data/encuesta/Conesa Mauro.xlsx,JIC 5 DE 10 P Picasso,NA,a2,6
data/encuesta/Conesa Mauro.xlsx,JIC 5 DE 10 P Picasso,NA,a3,7
data/encuesta/Conesa Mauro.xlsx,JIC 5 DE 10 P Picasso,NA,a4,9
data/encuesta/Conesa Mauro.xlsx,JIC 5 DE 10 P Picasso,NA,b1,7
data/encuesta/Conesa Mauro.xlsx,JIC 5 DE 10 P Picasso,NA,b2,8
data/encuesta/Conesa Mauro.xlsx,JIC 5 DE 10 P Picasso,NA,b3,9
data/encuesta/Conesa Mauro.xlsx,JIC 1 DE 15,NA,a1,8
data/encuesta/Conesa Mauro.xlsx,JIC 1 DE 15,NA,a2,7
data/encuesta/Conesa Mauro.xlsx,JIC 1 DE 15,NA,a3,8
data/encuesta/Conesa Mauro.xlsx,JIC 1 DE 15,NA,a4,9
data/encuesta/Conesa Mauro.xlsx,JIC 1 DE 15,NA,b1,9
data/encuesta/Conesa Mauro.xlsx,JIC 1 DE 15,NA,b2,9
data/encuesta/Conesa Mauro.xlsx,JIC 1 DE 15,NA,b3,9
data/encuesta/Conesa Mauro.xlsx,EPC 14 F M Barco C,NA,a1,8
data/encuesta/Conesa Mauro.xlsx,EPC 14 F M Barco C,NA,a2,8
data/encuesta/Conesa Mauro.xlsx,EPC 14 F M Barco C,NA,a3,9
data/encuesta/Conesa Mauro.xlsx,EPC 14 F M Barco C,NA,a4,10
data/encuesta/Conesa Mauro.xlsx,EPC 14 F M Barco C,NA,b1,9
data/encuesta/Conesa Mauro.xlsx,EPC 14 F M Barco C,NA,b2,9
data/encuesta/Conesa Mauro.xlsx,EPC 14 F M Barco C,NA,b3,10
data/encuesta/Crespo Paola Encuesta cierre ciclo 2022 -Paola Crespo.xlsx,ESCUELA 3 DE 2,NA,a1,9
data/encuesta/Crespo Paola Encuesta cierre ciclo 2022 -Paola Crespo.xlsx,ESCUELA 3 DE 2,NA,a2,9
data/encuesta/Crespo Paola Encuesta cierre ciclo 2022 -Paola Crespo.xlsx,ESCUELA 3 DE 2,NA,a3,9
data/encuesta/Crespo Paola Encuesta cierre ciclo 2022 -Paola Crespo.xlsx,ESCUELA 3 DE 2,NA,a4,8
data/encuesta/Crespo Paola Encuesta cierre ciclo 2022 -Paola Crespo.xlsx,ESCUELA 3 DE 2,NA,b1,10
data/encuesta/Crespo Paola Encuesta cierre ciclo 2022 -Paola Crespo.xlsx,ESCUELA 3 DE 2,NA,b2,9
data/encuesta/Crespo Paola Encuesta cierre ciclo 2022 -Paola Crespo.xlsx,ESCUELA 3 DE 2,NA,b3,10
data/encuesta/Crespo Paola Encuesta cierre ciclo 2022 -Paola Crespo.xlsx,ESCUELA 11 DE 2,NA,a1,6
data/encuesta/Crespo Paola Encuesta cierre ciclo 2022 -Paola Crespo.xlsx,ESCUELA 11 DE 2,NA,a2,6
data/encuesta/Crespo Paola Encuesta cierre ciclo 2022 -Paola Crespo.xlsx,ESCUELA 11 DE 2,NA,a3,7
data/encuesta/Crespo Paola Encuesta cierre ciclo 2022 -Paola Crespo.xlsx,ESCUELA 11 DE 2,NA,a4,7
data/encuesta/Crespo Paola Encuesta cierre ciclo 2022 -Paola Crespo.xlsx,ESCUELA 11 DE 2,NA,b1,9
data/encuesta/Crespo Paola Encuesta cierre ciclo 2022 -Paola Crespo.xlsx,ESCUELA 11 DE 2,NA,b2,8
data/encuesta/Crespo Paola Encuesta cierre ciclo 2022 -Paola Crespo.xlsx,ESCUELA 11 DE 2,NA,b3,8
data/encuesta/Crespo Paola Encuesta cierre ciclo 2022 -Paola Crespo.xlsx,ESCUELA PRIMARIA -NORMAL 7,NA,a1,8
data/encuesta/Crespo Paola Encuesta cierre ciclo 2022 -Paola Crespo.xlsx,ESCUELA PRIMARIA -NORMAL 7,NA,a2,6
data/encuesta/Crespo Paola Encuesta cierre ciclo 2022 -Paola Crespo.xlsx,ESCUELA PRIMARIA -NORMAL 7,NA,a3,7
data/encuesta/Crespo Paola Encuesta cierre ciclo 2022 -Paola Crespo.xlsx,ESCUELA PRIMARIA -NORMAL 7,NA,a4,8
data/encuesta/Crespo Paola Encuesta cierre ciclo 2022 -Paola Crespo.xlsx,ESCUELA PRIMARIA -NORMAL 7,NA,b1,9
data/encuesta/Crespo Paola Encuesta cierre ciclo 2022 -Paola Crespo.xlsx,ESCUELA PRIMARIA -NORMAL 7,NA,b2,9
data/encuesta/Crespo Paola Encuesta cierre ciclo 2022 -Paola Crespo.xlsx,ESCUELA PRIMARIA -NORMAL 7,NA,b3,8
data/encuesta/Crespo Paola Encuesta cierre ciclo 2022 -Paola Crespo.xlsx,JII 2  DE 8,NA,a1,10
data/encuesta/Crespo Paola Encuesta cierre ciclo 2022 -Paola Crespo.xlsx,JII 2  DE 8,NA,a2,9
data/encuesta/Crespo Paola Encuesta cierre ciclo 2022 -Paola Crespo.xlsx,JII 2  DE 8,NA,a3,9
data/encuesta/Crespo Paola Encuesta cierre ciclo 2022 -Paola Crespo.xlsx,JII 2  DE 8,NA,a4,9
data/encuesta/Crespo Paola Encuesta cierre ciclo 2022 -Paola Crespo.xlsx,JII 2  DE 8,NA,b1,10
data/encuesta/Crespo Paola Encuesta cierre ciclo 2022 -Paola Crespo.xlsx,JII 2  DE 8,NA,b2,9
data/encuesta/Crespo Paola Encuesta cierre ciclo 2022 -Paola Crespo.xlsx,JII 2  DE 8,NA,b3,10
data/encuesta/Crespo Paola Encuesta cierre ciclo 2022 -Paola Crespo.xlsx,Esc. comercio 25,NA,a1,9
data/encuesta/Crespo Paola Encuesta cierre ciclo 2022 -Paola Crespo.xlsx,Esc. comercio 25,NA,a2,9
data/encuesta/Crespo Paola Encuesta cierre ciclo 2022 -Paola Crespo.xlsx,Esc. comercio 25,NA,a3,9
data/encuesta/Crespo Paola Encuesta cierre ciclo 2022 -Paola Crespo.xlsx,Esc. comercio 25,NA,a4,8
data/encuesta/Crespo Paola Encuesta cierre ciclo 2022 -Paola Crespo.xlsx,Esc. comercio 25,NA,b1,9
data/encuesta/Crespo Paola Encuesta cierre ciclo 2022 -Paola Crespo.xlsx,Esc. comercio 25,NA,b2,9
data/encuesta/Crespo Paola Encuesta cierre ciclo 2022 -Paola Crespo.xlsx,Esc. comercio 25,NA,b3,8
data/encuesta/Crespo Paola Encuesta cierre ciclo 2022 -Paola Crespo.xlsx,ESCUELA 20 DE 8,NA,a1,9
data/encuesta/Crespo Paola Encuesta cierre ciclo 2022 -Paola Crespo.xlsx,ESCUELA 20 DE 8,NA,a2,8
data/encuesta/Crespo Paola Encuesta cierre ciclo 2022 -Paola Crespo.xlsx,ESCUELA 20 DE 8,NA,a3,8
data/encuesta/Crespo Paola Encuesta cierre ciclo 2022 -Paola Crespo.xlsx,ESCUELA 20 DE 8,NA,a4,9
data/encuesta/Crespo Paola Encuesta cierre ciclo 2022 -Paola Crespo.xlsx,ESCUELA 20 DE 8,NA,b1,9
data/encuesta/Crespo Paola Encuesta cierre ciclo 2022 -Paola Crespo.xlsx,ESCUELA 20 DE 8,NA,b2,10
data/encuesta/Crespo Paola Encuesta cierre ciclo 2022 -Paola Crespo.xlsx,ESCUELA 20 DE 8,NA,b3,10
data/encuesta/Crespo Paola Encuesta cierre ciclo 2022 -Paola Crespo.xlsx,Esc de comercio 22,NA,a1,9
data/encuesta/Crespo Paola Encuesta cierre ciclo 2022 -Paola Crespo.xlsx,Esc de comercio 22,NA,a2,9
data/encuesta/Crespo Paola Encuesta cierre ciclo 2022 -Paola Crespo.xlsx,Esc de comercio 22,NA,a3,9
data/encuesta/Crespo Paola Encuesta cierre ciclo 2022 -Paola Crespo.xlsx,Esc de comercio 22,NA,a4,9
data/encuesta/Crespo Paola Encuesta cierre ciclo 2022 -Paola Crespo.xlsx,Esc de comercio 22,NA,b1,9
data/encuesta/Crespo Paola Encuesta cierre ciclo 2022 -Paola Crespo.xlsx,Esc de comercio 22,NA,b2,9
data/encuesta/Crespo Paola Encuesta cierre ciclo 2022 -Paola Crespo.xlsx,Esc de comercio 22,NA,b3,9
data/encuesta/Crespo Paola Encuesta cierre ciclo 2022 -Paola Crespo.xlsx,Escuela 8 DE 6,NA,a1,8
data/encuesta/Crespo Paola Encuesta cierre ciclo 2022 -Paola Crespo.xlsx,Escuela 8 DE 6,NA,a2,8
data/encuesta/Crespo Paola Encuesta cierre ciclo 2022 -Paola Crespo.xlsx,Escuela 8 DE 6,NA,a3,8
data/encuesta/Crespo Paola Encuesta cierre ciclo 2022 -Paola Crespo.xlsx,Escuela 8 DE 6,NA,a4,8
data/encuesta/Crespo Paola Encuesta cierre ciclo 2022 -Paola Crespo.xlsx,Escuela 8 DE 6,NA,b1,9
data/encuesta/Crespo Paola Encuesta cierre ciclo 2022 -Paola Crespo.xlsx,Escuela 8 DE 6,NA,b2,9
data/encuesta/Crespo Paola Encuesta cierre ciclo 2022 -Paola Crespo.xlsx,Escuela 8 DE 6,NA,b3,9
data/encuesta/Crespo Paola Encuesta cierre ciclo 2022 -Paola Crespo.xlsx,Escuela 23 DE 7,NA,a1,7
data/encuesta/Crespo Paola Encuesta cierre ciclo 2022 -Paola Crespo.xlsx,Escuela 23 DE 7,NA,a2,7
data/encuesta/Crespo Paola Encuesta cierre ciclo 2022 -Paola Crespo.xlsx,Escuela 23 DE 7,NA,a3,7
data/encuesta/Crespo Paola Encuesta cierre ciclo 2022 -Paola Crespo.xlsx,Escuela 23 DE 7,NA,a4,7
data/encuesta/Crespo Paola Encuesta cierre ciclo 2022 -Paola Crespo.xlsx,Escuela 23 DE 7,NA,b1,8
data/encuesta/Crespo Paola Encuesta cierre ciclo 2022 -Paola Crespo.xlsx,Escuela 23 DE 7,NA,b2,8
data/encuesta/Crespo Paola Encuesta cierre ciclo 2022 -Paola Crespo.xlsx,Escuela 23 DE 7,NA,b3,8
data/encuesta/Crespo Paola Encuesta cierre ciclo 2022 -Paola Crespo.xlsx,JIN D DE 7,NA,a1,8
data/encuesta/Crespo Paola Encuesta cierre ciclo 2022 -Paola Crespo.xlsx,JIN D DE 7,NA,a2,8
data/encuesta/Crespo Paola Encuesta cierre ciclo 2022 -Paola Crespo.xlsx,JIN D DE 7,NA,a3,9
data/encuesta/Crespo Paola Encuesta cierre ciclo 2022 -Paola Crespo.xlsx,JIN D DE 7,NA,a4,9
data/encuesta/Crespo Paola Encuesta cierre ciclo 2022 -Paola Crespo.xlsx,JIN D DE 7,NA,b1,9
data/encuesta/Crespo Paola Encuesta cierre ciclo 2022 -Paola Crespo.xlsx,JIN D DE 7,NA,b2,9
data/encuesta/Crespo Paola Encuesta cierre ciclo 2022 -Paola Crespo.xlsx,JIN D DE 7,NA,b3,9
data/encuesta/Crespo Paola Encuesta cierre ciclo 2022 -Paola Crespo.xlsx,ESCUELA 23 DE 6,NA,a1,4
data/encuesta/Crespo Paola Encuesta cierre ciclo 2022 -Paola Crespo.xlsx,ESCUELA 23 DE 6,NA,a2,4
data/encuesta/Crespo Paola Encuesta cierre ciclo 2022 -Paola Crespo.xlsx,ESCUELA 23 DE 6,NA,a3,4
data/encuesta/Crespo Paola Encuesta cierre ciclo 2022 -Paola Crespo.xlsx,ESCUELA 23 DE 6,NA,a4,4
data/encuesta/Crespo Paola Encuesta cierre ciclo 2022 -Paola Crespo.xlsx,ESCUELA 23 DE 6,NA,b1,4
data/encuesta/Crespo Paola Encuesta cierre ciclo 2022 -Paola Crespo.xlsx,ESCUELA 23 DE 6,NA,b2,4
data/encuesta/Crespo Paola Encuesta cierre ciclo 2022 -Paola Crespo.xlsx,ESCUELA 23 DE 6,NA,b3,4
data/encuesta/Crespo Paola Encuesta cierre ciclo 2022 -Paola Crespo.xlsx,ESCUELA 6 DE 8,NA,a1,9
data/encuesta/Crespo Paola Encuesta cierre ciclo 2022 -Paola Crespo.xlsx,ESCUELA 6 DE 8,NA,a2,8
data/encuesta/Crespo Paola Encuesta cierre ciclo 2022 -Paola Crespo.xlsx,ESCUELA 6 DE 8,NA,a3,9
data/encuesta/Crespo Paola Encuesta cierre ciclo 2022 -Paola Crespo.xlsx,ESCUELA 6 DE 8,NA,a4,9
data/encuesta/Crespo Paola Encuesta cierre ciclo 2022 -Paola Crespo.xlsx,ESCUELA 6 DE 8,NA,b1,9
data/encuesta/Crespo Paola Encuesta cierre ciclo 2022 -Paola Crespo.xlsx,ESCUELA 6 DE 8,NA,b2,9
data/encuesta/Crespo Paola Encuesta cierre ciclo 2022 -Paola Crespo.xlsx,ESCUELA 6 DE 8,NA,b3,9
data/encuesta/Diaz Bettina.xlsx,EEM 1 DE 12 BOGOTA 2759,NA,a1,9
data/encuesta/Diaz Bettina.xlsx,EEM 1 DE 12 BOGOTA 2759,NA,a2,10
data/encuesta/Diaz Bettina.xlsx,EEM 1 DE 12 BOGOTA 2759,NA,a3,9
data/encuesta/Diaz Bettina.xlsx,EEM 1 DE 12 BOGOTA 2759,NA,a4,10
data/encuesta/Diaz Bettina.xlsx,EEM 1 DE 12 BOGOTA 2759,NA,b1,10
data/encuesta/Diaz Bettina.xlsx,EEM 1 DE 12 BOGOTA 2759,NA,b2,10
data/encuesta/Diaz Bettina.xlsx,EEM 1 DE 12 BOGOTA 2759,NA,b3,10
data/encuesta/Diaz Bettina.xlsx,ET 6 DE 12 LA PORTEÑA 54,NA,a1,9
data/encuesta/Diaz Bettina.xlsx,ET 6 DE 12 LA PORTEÑA 54,NA,a2,10
data/encuesta/Diaz Bettina.xlsx,ET 6 DE 12 LA PORTEÑA 54,NA,a3,9
data/encuesta/Diaz Bettina.xlsx,ET 6 DE 12 LA PORTEÑA 54,NA,a4,10
data/encuesta/Diaz Bettina.xlsx,ET 6 DE 12 LA PORTEÑA 54,NA,b1,10
data/encuesta/Diaz Bettina.xlsx,ET 6 DE 12 LA PORTEÑA 54,NA,b2,10
data/encuesta/Diaz Bettina.xlsx,ET 6 DE 12 LA PORTEÑA 54,NA,b3,10
data/encuesta/Diaz Bettina.xlsx,COL 9 DE 12 CONDARCO 290,NA,a1,9
data/encuesta/Diaz Bettina.xlsx,COL 9 DE 12 CONDARCO 290,NA,a2,10
data/encuesta/Diaz Bettina.xlsx,COL 9 DE 12 CONDARCO 290,NA,a3,9
data/encuesta/Diaz Bettina.xlsx,COL 9 DE 12 CONDARCO 290,NA,a4,9
data/encuesta/Diaz Bettina.xlsx,COL 9 DE 12 CONDARCO 290,NA,b1,10
data/encuesta/Diaz Bettina.xlsx,COL 9 DE 12 CONDARCO 290,NA,b2,10
data/encuesta/Diaz Bettina.xlsx,COL 9 DE 12 CONDARCO 290,NA,b3,10
data/encuesta/Diaz Bettina.xlsx,EI 4 DE 11 HTAL PIÑERO,NA,a1,6
data/encuesta/Diaz Bettina.xlsx,EI 4 DE 11 HTAL PIÑERO,NA,a3,6
data/encuesta/Diaz Bettina.xlsx,EI 4 DE 11 HTAL PIÑERO,NA,a4,7
data/encuesta/Diaz Bettina.xlsx,EI 4 DE 11 HTAL PIÑERO,NA,b1,7
data/encuesta/Diaz Bettina.xlsx,EI 4 DE 11 HTAL PIÑERO,NA,b2,8
data/encuesta/Diaz Bettina.xlsx,EI 4 DE 11 HTAL PIÑERO,NA,b3,8
data/encuesta/Diaz Bettina.xlsx,JIN A DE 12 CARACAS 1249,NA,a1,9
data/encuesta/Diaz Bettina.xlsx,JIN A DE 12 CARACAS 1249,NA,a3,9
data/encuesta/Diaz Bettina.xlsx,JIN A DE 12 CARACAS 1249,NA,a4,9
data/encuesta/Diaz Bettina.xlsx,JIN A DE 12 CARACAS 1249,NA,b1,9
data/encuesta/Diaz Bettina.xlsx,JIN A DE 12 CARACAS 1249,NA,b2,9
data/encuesta/Diaz Bettina.xlsx,JIN A DE 12 CARACAS 1249,NA,b3,9
data/encuesta/Diaz Bettina.xlsx,JM 5 DE 12 HTAL ALVAREZ,NA,a1,8
data/encuesta/Diaz Bettina.xlsx,JM 5 DE 12 HTAL ALVAREZ,NA,a3,9
data/encuesta/Diaz Bettina.xlsx,JM 5 DE 12 HTAL ALVAREZ,NA,a4,9
data/encuesta/Diaz Bettina.xlsx,JM 5 DE 12 HTAL ALVAREZ,NA,b1,9
data/encuesta/Diaz Bettina.xlsx,JM 5 DE 12 HTAL ALVAREZ,NA,b2,9
data/encuesta/Diaz Bettina.xlsx,JM 5 DE 12 HTAL ALVAREZ,NA,b3,9
data/encuesta/Diaz Bettina.xlsx,EPC 1 DE 12 YERBAL 2370,NA,a1,7
data/encuesta/Diaz Bettina.xlsx,EPC 1 DE 12 YERBAL 2370,NA,a2,7
data/encuesta/Diaz Bettina.xlsx,EPC 1 DE 12 YERBAL 2370,NA,a3,7
data/encuesta/Diaz Bettina.xlsx,EPC 1 DE 12 YERBAL 2370,NA,a4,9
data/encuesta/Diaz Bettina.xlsx,EPC 1 DE 12 YERBAL 2370,NA,b1,8
data/encuesta/Diaz Bettina.xlsx,EPC 1 DE 12 YERBAL 2370,NA,b2,8
data/encuesta/Diaz Bettina.xlsx,EPC 1 DE 12 YERBAL 2370,NA,b3,9
data/encuesta/Diaz Bettina.xlsx,EPC 2 DE 12 CARACAS 10,NA,a1,7
data/encuesta/Diaz Bettina.xlsx,EPC 2 DE 12 CARACAS 10,NA,a2,7
data/encuesta/Diaz Bettina.xlsx,EPC 2 DE 12 CARACAS 10,NA,a3,6
data/encuesta/Diaz Bettina.xlsx,EPC 2 DE 12 CARACAS 10,NA,a4,8
data/encuesta/Diaz Bettina.xlsx,EPC 2 DE 12 CARACAS 10,NA,b1,8
data/encuesta/Diaz Bettina.xlsx,EPC 2 DE 12 CARACAS 10,NA,b2,7
data/encuesta/Diaz Bettina.xlsx,EPC 2 DE 12 CARACAS 10,NA,b3,9
data/encuesta/Diaz Bettina.xlsx,EPC 5 DE 12 ARTIGAS 878,NA,a1,8
data/encuesta/Diaz Bettina.xlsx,EPC 5 DE 12 ARTIGAS 878,NA,a2,8
data/encuesta/Diaz Bettina.xlsx,EPC 5 DE 12 ARTIGAS 878,NA,a3,6
data/encuesta/Diaz Bettina.xlsx,EPC 5 DE 12 ARTIGAS 878,NA,a4,9
data/encuesta/Diaz Bettina.xlsx,EPC 5 DE 12 ARTIGAS 878,NA,b1,8
data/encuesta/Diaz Bettina.xlsx,EPC 5 DE 12 ARTIGAS 878,NA,b2,8
data/encuesta/Diaz Bettina.xlsx,EPC 5 DE 12 ARTIGAS 878,NA,b3,9
data/encuesta/Diaz Bettina.xlsx,EPC 15 DE 12 ARANGUREN 2400,NA,a1,9
data/encuesta/Diaz Bettina.xlsx,EPC 15 DE 12 ARANGUREN 2400,NA,a2,9
data/encuesta/Diaz Bettina.xlsx,EPC 15 DE 12 ARANGUREN 2400,NA,a3,10
data/encuesta/Diaz Bettina.xlsx,EPC 15 DE 12 ARANGUREN 2400,NA,a4,10
data/encuesta/Diaz Bettina.xlsx,EPC 15 DE 12 ARANGUREN 2400,NA,b1,9
data/encuesta/Diaz Bettina.xlsx,EPC 15 DE 12 ARANGUREN 2400,NA,b2,9
data/encuesta/Diaz Bettina.xlsx,EPC 15 DE 12 ARANGUREN 2400,NA,b3,9
data/encuesta/Diaz Bettina.xlsx,EPC 19 DE 12 FRAY CAYETANO 95,NA,a1,7
data/encuesta/Diaz Bettina.xlsx,EPC 19 DE 12 FRAY CAYETANO 95,NA,a2,7
data/encuesta/Diaz Bettina.xlsx,EPC 19 DE 12 FRAY CAYETANO 95,NA,a3,6
data/encuesta/Diaz Bettina.xlsx,EPC 19 DE 12 FRAY CAYETANO 95,NA,a4,9
data/encuesta/Diaz Bettina.xlsx,EPC 19 DE 12 FRAY CAYETANO 95,NA,b1,8
data/encuesta/Diaz Bettina.xlsx,EPC 19 DE 12 FRAY CAYETANO 95,NA,b2,8
data/encuesta/Diaz Bettina.xlsx,EPC 19 DE 12 FRAY CAYETANO 95,NA,b3,9
data/encuesta/Diaz Bettina.xlsx,EPC 5 DE 7 TRELLES 948,NA,a1,9
data/encuesta/Diaz Bettina.xlsx,EPC 5 DE 7 TRELLES 948,NA,a2,9
data/encuesta/Diaz Bettina.xlsx,EPC 5 DE 7 TRELLES 948,NA,a3,10
data/encuesta/Diaz Bettina.xlsx,EPC 5 DE 7 TRELLES 948,NA,a4,10
data/encuesta/Diaz Bettina.xlsx,EPC 5 DE 7 TRELLES 948,NA,b1,9
data/encuesta/Diaz Bettina.xlsx,EPC 5 DE 7 TRELLES 948,NA,b2,9
data/encuesta/Diaz Bettina.xlsx,EPC 5 DE 7 TRELLES 948,NA,b3,9
data/encuesta/Diaz Bettina.xlsx,EPC 12 DE 7 FRANKLIN 1836,NA,a1,9
data/encuesta/Diaz Bettina.xlsx,EPC 12 DE 7 FRANKLIN 1836,NA,a2,9
data/encuesta/Diaz Bettina.xlsx,EPC 12 DE 7 FRANKLIN 1836,NA,a3,9
data/encuesta/Diaz Bettina.xlsx,EPC 12 DE 7 FRANKLIN 1836,NA,a4,9
data/encuesta/Diaz Bettina.xlsx,EPC 12 DE 7 FRANKLIN 1836,NA,b1,9
data/encuesta/Diaz Bettina.xlsx,EPC 12 DE 7 FRANKLIN 1836,NA,b2,9
data/encuesta/Diaz Bettina.xlsx,EPC 12 DE 7 FRANKLIN 1836,NA,b3,9
data/encuesta/Diaz Bettina.xlsx,JIN C DE 7 FRANKLIN 1836,NA,a1,9
data/encuesta/Diaz Bettina.xlsx,JIN C DE 7 FRANKLIN 1836,NA,a3,9
data/encuesta/Diaz Bettina.xlsx,JIN C DE 7 FRANKLIN 1836,NA,a4,9
data/encuesta/Diaz Bettina.xlsx,JIN C DE 7 FRANKLIN 1836,NA,b1,9
data/encuesta/Diaz Bettina.xlsx,JIN C DE 7 FRANKLIN 1836,NA,b2,9
data/encuesta/Diaz Bettina.xlsx,JIN C DE 7 FRANKLIN 1836,NA,b3,9
data/encuesta/Documento de Sandra.xlsx,EI N° 2 De 2  ,NA,a1,10
data/encuesta/Documento de Sandra.xlsx,EI N° 2 De 2  ,NA,a2,10
data/encuesta/Documento de Sandra.xlsx,EI N° 2 De 2  ,NA,a3,10
data/encuesta/Documento de Sandra.xlsx,EI N° 2 De 2  ,NA,a4,10
data/encuesta/Documento de Sandra.xlsx,EI N° 2 De 2  ,NA,b1,10
data/encuesta/Documento de Sandra.xlsx,EI N° 2 De 2  ,NA,b2,10
data/encuesta/Documento de Sandra.xlsx,EI N° 2 De 2  ,NA,b3,10
data/encuesta/Documento de Sandra.xlsx,Esc. Sup. Educ. Artistica Ceram,NA,a1,8
data/encuesta/Documento de Sandra.xlsx,Esc. Sup. Educ. Artistica Ceram,NA,a2,9
data/encuesta/Documento de Sandra.xlsx,Esc. Sup. Educ. Artistica Ceram,NA,a3,8
data/encuesta/Documento de Sandra.xlsx,Esc. Sup. Educ. Artistica Ceram,NA,a4,10
data/encuesta/Documento de Sandra.xlsx,Esc. Sup. Educ. Artistica Ceram,NA,b1,9
data/encuesta/Documento de Sandra.xlsx,Esc. Sup. Educ. Artistica Ceram,NA,b2,9
data/encuesta/Documento de Sandra.xlsx,Esc. Sup. Educ. Artistica Ceram,NA,b3,9
data/encuesta/Documento de Sandra.xlsx, Jardin Maternal N°9 DE 6   ,NA,a1,10
data/encuesta/Documento de Sandra.xlsx, Jardin Maternal N°9 DE 6   ,NA,a2,10
data/encuesta/Documento de Sandra.xlsx, Jardin Maternal N°9 DE 6   ,NA,a3,10
data/encuesta/Documento de Sandra.xlsx, Jardin Maternal N°9 DE 6   ,NA,a4,10
data/encuesta/Documento de Sandra.xlsx, Jardin Maternal N°9 DE 6   ,NA,b1,10
data/encuesta/Documento de Sandra.xlsx, Jardin Maternal N°9 DE 6   ,NA,b2,10
data/encuesta/Documento de Sandra.xlsx, Jardin Maternal N°9 DE 6   ,NA,b3,10
data/encuesta/Documento de Sandra.xlsx, JiC N°4 Mariano Boedo  DE 6   ,NA,a1,10
data/encuesta/Documento de Sandra.xlsx, JiC N°4 Mariano Boedo  DE 6   ,NA,a2,10
data/encuesta/Documento de Sandra.xlsx, JiC N°4 Mariano Boedo  DE 6   ,NA,a3,10
data/encuesta/Documento de Sandra.xlsx, JiC N°4 Mariano Boedo  DE 6   ,NA,a4,10
data/encuesta/Documento de Sandra.xlsx, JiC N°4 Mariano Boedo  DE 6   ,NA,b1,10
data/encuesta/Documento de Sandra.xlsx, JiC N°4 Mariano Boedo  DE 6   ,NA,b2,10
data/encuesta/Documento de Sandra.xlsx, JiC N°4 Mariano Boedo  DE 6   ,NA,b3,10
data/encuesta/Documento de Sandra.xlsx, JII N° Federico Frobel 2  DE 6,NA,a1,10
data/encuesta/Documento de Sandra.xlsx, JII N° Federico Frobel 2  DE 6,NA,a2,10
data/encuesta/Documento de Sandra.xlsx, JII N° Federico Frobel 2  DE 6,NA,a3,10
data/encuesta/Documento de Sandra.xlsx, JII N° Federico Frobel 2  DE 6,NA,a4,10
data/encuesta/Documento de Sandra.xlsx, JII N° Federico Frobel 2  DE 6,NA,b1,10
data/encuesta/Documento de Sandra.xlsx, JII N° Federico Frobel 2  DE 6,NA,b2,10
data/encuesta/Documento de Sandra.xlsx, JII N° Federico Frobel 2  DE 6,NA,b3,10
data/encuesta/Espinoza Jhonn.xlsx,Rivadavia 6065,NA,a1,7
data/encuesta/Espinoza Jhonn.xlsx,Rivadavia 6065,NA,a2,8
data/encuesta/Espinoza Jhonn.xlsx,Rivadavia 6065,NA,a3,8
data/encuesta/Espinoza Jhonn.xlsx,Rivadavia 6065,NA,a4,10
data/encuesta/Espinoza Jhonn.xlsx,Rivadavia 6065,NA,b1,8
data/encuesta/Espinoza Jhonn.xlsx,Rivadavia 6065,NA,b2,9
data/encuesta/Espinoza Jhonn.xlsx,Rivadavia 6065,NA,b3,8
data/encuesta/Espinoza Jhonn.xlsx,Eduardo Acevedo 609,NA,a1,7
data/encuesta/Espinoza Jhonn.xlsx,Eduardo Acevedo 609,NA,a2,7
data/encuesta/Espinoza Jhonn.xlsx,Eduardo Acevedo 609,NA,a3,9
data/encuesta/Espinoza Jhonn.xlsx,Eduardo Acevedo 609,NA,a4,9
data/encuesta/Espinoza Jhonn.xlsx,Eduardo Acevedo 609,NA,b1,9
data/encuesta/Espinoza Jhonn.xlsx,Eduardo Acevedo 609,NA,b2,9
data/encuesta/Espinoza Jhonn.xlsx,Eduardo Acevedo 609,NA,b3,9
data/encuesta/Espinoza Jhonn.xlsx,Rio de Janeiro 986,NA,a1,7
data/encuesta/Espinoza Jhonn.xlsx,Rio de Janeiro 986,NA,a2,7
data/encuesta/Espinoza Jhonn.xlsx,Rio de Janeiro 986,NA,a3,8
data/encuesta/Espinoza Jhonn.xlsx,Rio de Janeiro 986,NA,a4,9
data/encuesta/Espinoza Jhonn.xlsx,Rio de Janeiro 986,NA,b1,8
data/encuesta/Espinoza Jhonn.xlsx,Rio de Janeiro 986,NA,b2,8
data/encuesta/Espinoza Jhonn.xlsx,Rio de Janeiro 986,NA,b3,8
data/encuesta/Espinoza Jhonn.xlsx,Juan José Biedma 459,NA,a1,9
data/encuesta/Espinoza Jhonn.xlsx,Juan José Biedma 459,NA,a2,8
data/encuesta/Espinoza Jhonn.xlsx,Juan José Biedma 459,NA,a3,9
data/encuesta/Espinoza Jhonn.xlsx,Juan José Biedma 459,NA,a4,10
data/encuesta/Espinoza Jhonn.xlsx,Juan José Biedma 459,NA,b1,9
data/encuesta/Espinoza Jhonn.xlsx,Juan José Biedma 459,NA,b2,9
data/encuesta/Espinoza Jhonn.xlsx,Juan José Biedma 459,NA,b3,10
data/encuesta/Gonzalez Godoy Agustina.xlsx,EI  N5 DE4,NA,a1,6
data/encuesta/Gonzalez Godoy Agustina.xlsx,EI  N5 DE4,NA,a2,8
data/encuesta/Gonzalez Godoy Agustina.xlsx,EI  N5 DE4,NA,a3,6
data/encuesta/Gonzalez Godoy Agustina.xlsx,EI  N5 DE4,NA,a4,9
data/encuesta/Gonzalez Godoy Agustina.xlsx,EI  N5 DE4,NA,b1,8
data/encuesta/Gonzalez Godoy Agustina.xlsx,EI  N5 DE4,NA,b2,8
data/encuesta/Gonzalez Godoy Agustina.xlsx,EI  N5 DE4,NA,b3,10
data/encuesta/Gonzalez Godoy Agustina.xlsx,EPC N° 04 DE 5,NA,a1,7
data/encuesta/Gonzalez Godoy Agustina.xlsx,EPC N° 04 DE 5,NA,a2,7
data/encuesta/Gonzalez Godoy Agustina.xlsx,EPC N° 04 DE 5,NA,a3,7
data/encuesta/Gonzalez Godoy Agustina.xlsx,EPC N° 04 DE 5,NA,a4,9
data/encuesta/Gonzalez Godoy Agustina.xlsx,EPC N° 04 DE 5,NA,b1,9
data/encuesta/Gonzalez Godoy Agustina.xlsx,EPC N° 04 DE 5,NA,b2,9
data/encuesta/Gonzalez Godoy Agustina.xlsx,EPC N° 04 DE 5,NA,b3,10
data/encuesta/Gonzalez Godoy Agustina.xlsx,EPC N° 04 DE 3,NA,a1,6
data/encuesta/Gonzalez Godoy Agustina.xlsx,EPC N° 04 DE 3,NA,a2,7
data/encuesta/Gonzalez Godoy Agustina.xlsx,EPC N° 04 DE 3,NA,a3,6
data/encuesta/Gonzalez Godoy Agustina.xlsx,EPC N° 04 DE 3,NA,a4,9
data/encuesta/Gonzalez Godoy Agustina.xlsx,EPC N° 04 DE 3,NA,b1,9
data/encuesta/Gonzalez Godoy Agustina.xlsx,EPC N° 04 DE 3,NA,b2,9
data/encuesta/Gonzalez Godoy Agustina.xlsx,EPC N° 04 DE 3,NA,b3,10
data/encuesta/Gonzalez Godoy Agustina.xlsx,JIN D EPCJS 04 03°  S ,NA,a1,6
data/encuesta/Gonzalez Godoy Agustina.xlsx,JIN D EPCJS 04 03°  S ,NA,a2,6
data/encuesta/Gonzalez Godoy Agustina.xlsx,JIN D EPCJS 04 03°  S ,NA,a3,4
data/encuesta/Gonzalez Godoy Agustina.xlsx,JIN D EPCJS 04 03°  S ,NA,a4,8
data/encuesta/Gonzalez Godoy Agustina.xlsx,JIN D EPCJS 04 03°  S ,NA,b1,8
data/encuesta/Gonzalez Godoy Agustina.xlsx,JIN D EPCJS 04 03°  S ,NA,b2,7
data/encuesta/Gonzalez Godoy Agustina.xlsx,JIN D EPCJS 04 03°  S ,NA,b3,8
data/encuesta/Gonzalez Godoy Agustina.xlsx,Piedras 1430,NA,a1,6
data/encuesta/Gonzalez Godoy Agustina.xlsx,Piedras 1430,NA,a2,6
data/encuesta/Gonzalez Godoy Agustina.xlsx,Piedras 1430,NA,a3,4
data/encuesta/Gonzalez Godoy Agustina.xlsx,Piedras 1430,NA,a4,8
data/encuesta/Gonzalez Godoy Agustina.xlsx,Piedras 1430,NA,b1,9
data/encuesta/Gonzalez Godoy Agustina.xlsx,Piedras 1430,NA,b2,7
data/encuesta/Gonzalez Godoy Agustina.xlsx,Piedras 1430,NA,b3,8
data/encuesta/Grosso Adrian.xlsx,Esc 91DE 06 Bernasconi,NA,a1,9
data/encuesta/Grosso Adrian.xlsx,Esc 91DE 06 Bernasconi,NA,a2,8
data/encuesta/Grosso Adrian.xlsx,Esc 91DE 06 Bernasconi,NA,a3,9
data/encuesta/Grosso Adrian.xlsx,Esc 91DE 06 Bernasconi,NA,a4,8
data/encuesta/Grosso Adrian.xlsx,Esc 91DE 06 Bernasconi,NA,b1,9
data/encuesta/Grosso Adrian.xlsx,Esc 91DE 06 Bernasconi,NA,b2,9
data/encuesta/Grosso Adrian.xlsx,Esc 91DE 06 Bernasconi,NA,b3,7
data/encuesta/Grosso Adrian.xlsx,JII 10 DE 06 F.Pascacio Moreno,NA,a1,5
data/encuesta/Grosso Adrian.xlsx,JII 10 DE 06 F.Pascacio Moreno,NA,a3,8
data/encuesta/Grosso Adrian.xlsx,JII 10 DE 06 F.Pascacio Moreno,NA,a4,8
data/encuesta/Grosso Adrian.xlsx,JII 10 DE 06 F.Pascacio Moreno,NA,b1,8
data/encuesta/Grosso Adrian.xlsx,JII 10 DE 06 F.Pascacio Moreno,NA,b2,7
data/encuesta/Grosso Adrian.xlsx,JII 10 DE 06 F.Pascacio Moreno,NA,b3,7
data/encuesta/Grosso Adrian.xlsx,ESC 07 De 19 Aeronautica A.,NA,a1,7
data/encuesta/Grosso Adrian.xlsx,ESC 07 De 19 Aeronautica A.,NA,a2,10
data/encuesta/Grosso Adrian.xlsx,ESC 07 De 19 Aeronautica A.,NA,a3,8
data/encuesta/Grosso Adrian.xlsx,ESC 07 De 19 Aeronautica A.,NA,a4,7
data/encuesta/Grosso Adrian.xlsx,ESC 07 De 19 Aeronautica A.,NA,b1,9
data/encuesta/Grosso Adrian.xlsx,ESC 07 De 19 Aeronautica A.,NA,b2,7
data/encuesta/Grosso Adrian.xlsx,ESC 07 De 19 Aeronautica A.,NA,b3,8
data/encuesta/Grosso Adrian.xlsx,ESC 11 DE 19 Ignacio Fermin R.,NA,a1,8
data/encuesta/Grosso Adrian.xlsx,ESC 11 DE 19 Ignacio Fermin R.,NA,a2,9
data/encuesta/Grosso Adrian.xlsx,ESC 11 DE 19 Ignacio Fermin R.,NA,a3,9
data/encuesta/Grosso Adrian.xlsx,ESC 11 DE 19 Ignacio Fermin R.,NA,a4,8
data/encuesta/Grosso Adrian.xlsx,ESC 11 DE 19 Ignacio Fermin R.,NA,b1,10
data/encuesta/Grosso Adrian.xlsx,ESC 11 DE 19 Ignacio Fermin R.,NA,b2,7
data/encuesta/Grosso Adrian.xlsx,ESC 11 DE 19 Ignacio Fermin R.,NA,b3,7
data/encuesta/Grosso Adrian.xlsx,Esc 02 DE 06 Jose Maria G.,NA,a1,8
data/encuesta/Grosso Adrian.xlsx,Esc 02 DE 06 Jose Maria G.,NA,a2,9
data/encuesta/Grosso Adrian.xlsx,Esc 02 DE 06 Jose Maria G.,NA,a3,7
data/encuesta/Grosso Adrian.xlsx,Esc 02 DE 06 Jose Maria G.,NA,a4,7
data/encuesta/Grosso Adrian.xlsx,Esc 02 DE 06 Jose Maria G.,NA,b1,8
data/encuesta/Grosso Adrian.xlsx,Esc 02 DE 06 Jose Maria G.,NA,b2,8
data/encuesta/Grosso Adrian.xlsx,Esc 02 DE 06 Jose Maria G.,NA,b3,8
data/encuesta/Grosso Adrian.xlsx,ESC 28 DE 04 Francisco P. Moren,NA,a1,5
data/encuesta/Grosso Adrian.xlsx,ESC 28 DE 04 Francisco P. Moren,NA,a2,4
data/encuesta/Grosso Adrian.xlsx,ESC 28 DE 04 Francisco P. Moren,NA,a3,7
data/encuesta/Grosso Adrian.xlsx,ESC 28 DE 04 Francisco P. Moren,NA,a4,6
data/encuesta/Grosso Adrian.xlsx,ESC 28 DE 04 Francisco P. Moren,NA,b1,10
data/encuesta/Grosso Adrian.xlsx,ESC 28 DE 04 Francisco P. Moren,NA,b2,6
data/encuesta/Grosso Adrian.xlsx,ESC 28 DE 04 Francisco P. Moren,NA,b3,6
data/encuesta/Grosso Adrian.xlsx,ESC 18 DE 04 Prov. de la Rioja,NA,a1,8
data/encuesta/Grosso Adrian.xlsx,ESC 18 DE 04 Prov. de la Rioja,NA,a2,9
data/encuesta/Grosso Adrian.xlsx,ESC 18 DE 04 Prov. de la Rioja,NA,a3,8
data/encuesta/Grosso Adrian.xlsx,ESC 18 DE 04 Prov. de la Rioja,NA,a4,9
data/encuesta/Grosso Adrian.xlsx,ESC 18 DE 04 Prov. de la Rioja,NA,b1,9
data/encuesta/Grosso Adrian.xlsx,ESC 18 DE 04 Prov. de la Rioja,NA,b2,10
data/encuesta/Grosso Adrian.xlsx,ESC 18 DE 04 Prov. de la Rioja,NA,b3,10
data/encuesta/Grosso Adrian.xlsx,JII 10 DE 04 ,NA,a1,6
data/encuesta/Grosso Adrian.xlsx,JII 10 DE 04 ,NA,a3,5
data/encuesta/Grosso Adrian.xlsx,JII 10 DE 04 ,NA,a4,8
data/encuesta/Grosso Adrian.xlsx,JII 10 DE 04 ,NA,b1,9
data/encuesta/Grosso Adrian.xlsx,JII 10 DE 04 ,NA,b2,9
data/encuesta/Grosso Adrian.xlsx,JII 10 DE 04 ,NA,b3,9
data/encuesta/Grosso Adrian.xlsx,JII 01 DE 04 Benito Quinquela M,NA,a1,7
data/encuesta/Grosso Adrian.xlsx,JII 01 DE 04 Benito Quinquela M,NA,a3,6
data/encuesta/Grosso Adrian.xlsx,JII 01 DE 04 Benito Quinquela M,NA,a4,8
data/encuesta/Grosso Adrian.xlsx,JII 01 DE 04 Benito Quinquela M,NA,b1,8
data/encuesta/Grosso Adrian.xlsx,JII 01 DE 04 Benito Quinquela M,NA,b2,8
data/encuesta/Grosso Adrian.xlsx,JII 01 DE 04 Benito Quinquela M,NA,b3,9
data/encuesta/Gurgo Alejandra.xlsx,Camarones 4351 Esc Musica,NA,a1,9
data/encuesta/Gurgo Alejandra.xlsx,Camarones 4351 Esc Musica,NA,a2,9
data/encuesta/Gurgo Alejandra.xlsx,Camarones 4351 Esc Musica,NA,a3,10
data/encuesta/Gurgo Alejandra.xlsx,Camarones 4351 Esc Musica,NA,a4,9
data/encuesta/Gurgo Alejandra.xlsx,Camarones 4351 Esc Musica,NA,b1,10
data/encuesta/Gurgo Alejandra.xlsx,Camarones 4351 Esc Musica,NA,b2,10
data/encuesta/Gurgo Alejandra.xlsx,Camarones 4351 Esc Musica,NA,b3,10
data/encuesta/Gurgo Alejandra.xlsx,Camarones 4351 EPC 13 ,NA,a1,8
data/encuesta/Gurgo Alejandra.xlsx,Camarones 4351 EPC 13 ,NA,a2,7
data/encuesta/Gurgo Alejandra.xlsx,Camarones 4351 EPC 13 ,NA,a3,7
data/encuesta/Gurgo Alejandra.xlsx,Camarones 4351 EPC 13 ,NA,a4,8
data/encuesta/Gurgo Alejandra.xlsx,Camarones 4351 EPC 13 ,NA,b1,10
data/encuesta/Gurgo Alejandra.xlsx,Camarones 4351 EPC 13 ,NA,b2,6
data/encuesta/Gurgo Alejandra.xlsx,Camarones 4351 EPC 13 ,NA,b3,9
data/encuesta/Gurgo Alejandra.xlsx,San Blas 4356 Esc Integral,NA,a1,9
data/encuesta/Gurgo Alejandra.xlsx,San Blas 4356 Esc Integral,NA,a2,9
data/encuesta/Gurgo Alejandra.xlsx,San Blas 4356 Esc Integral,NA,a3,9
data/encuesta/Gurgo Alejandra.xlsx,San Blas 4356 Esc Integral,NA,a4,9
data/encuesta/Gurgo Alejandra.xlsx,San Blas 4356 Esc Integral,NA,b1,10
data/encuesta/Gurgo Alejandra.xlsx,San Blas 4356 Esc Integral,NA,b2,10
data/encuesta/Gurgo Alejandra.xlsx,San Blas 4356 Esc Integral,NA,b3,9
data/encuesta/Gurgo Alejandra.xlsx,San Blas 4356 Esc Integral,NA,b3,10
data/encuesta/Gurgo Alejandra.xlsx,Yerbal 4965 EPC 8,NA,a1,7
data/encuesta/Gurgo Alejandra.xlsx,Yerbal 4965 EPC 8,NA,a2,9
data/encuesta/Gurgo Alejandra.xlsx,Yerbal 4965 EPC 8,NA,a3,9
data/encuesta/Gurgo Alejandra.xlsx,Yerbal 4965 EPC 8,NA,a4,9
data/encuesta/Gurgo Alejandra.xlsx,Yerbal 4965 EPC 8,NA,b1,9
data/encuesta/Gurgo Alejandra.xlsx,Yerbal 4965 EPC 8,NA,b2,10
data/encuesta/Gurgo Alejandra.xlsx,Yerbal 4965 EPC 8,NA,b3,10
data/encuesta/Gurgo Alejandra.xlsx,Cervantes 1911 EPC 2,NA,a1,9
data/encuesta/Gurgo Alejandra.xlsx,Cervantes 1911 EPC 2,NA,a2,8
data/encuesta/Gurgo Alejandra.xlsx,Cervantes 1911 EPC 2,NA,a3,9
data/encuesta/Gurgo Alejandra.xlsx,Cervantes 1911 EPC 2,NA,a4,10
data/encuesta/Gurgo Alejandra.xlsx,Cervantes 1911 EPC 2,NA,b1,10
data/encuesta/Gurgo Alejandra.xlsx,Cervantes 1911 EPC 2,NA,b2,10
data/encuesta/Gurgo Alejandra.xlsx,Cervantes 1911 EPC 2,NA,b3,10
data/encuesta/Gurgo Alejandra.xlsx,Ramon Lista 5448 Esc Inter Disc,NA,a1,8
data/encuesta/Gurgo Alejandra.xlsx,Ramon Lista 5448 Esc Inter Disc,NA,a2,9
data/encuesta/Gurgo Alejandra.xlsx,Ramon Lista 5448 Esc Inter Disc,NA,a3,9
data/encuesta/Gurgo Alejandra.xlsx,Ramon Lista 5448 Esc Inter Disc,NA,a4,9
data/encuesta/Gurgo Alejandra.xlsx,Ramon Lista 5448 Esc Inter Disc,NA,b1,10
data/encuesta/Gurgo Alejandra.xlsx,Ramon Lista 5448 Esc Inter Disc,NA,b2,10
data/encuesta/Gurgo Alejandra.xlsx,Ramon Lista 5448 Esc Inter Disc,NA,b3,10
data/encuesta/Gurgo Alejandra.xlsx,Marcos Paz 1728 EPC N 4 DE 18,NA,a1,9
data/encuesta/Gurgo Alejandra.xlsx,Marcos Paz 1728 EPC N 4 DE 18,NA,a2,10
data/encuesta/Gurgo Alejandra.xlsx,Marcos Paz 1728 EPC N 4 DE 18,NA,a3,10
data/encuesta/Gurgo Alejandra.xlsx,Marcos Paz 1728 EPC N 4 DE 18,NA,a4,10
data/encuesta/Gurgo Alejandra.xlsx,Marcos Paz 1728 EPC N 4 DE 18,NA,b1,10
data/encuesta/Gurgo Alejandra.xlsx,Marcos Paz 1728 EPC N 4 DE 18,NA,b2,10
data/encuesta/Gurgo Alejandra.xlsx,Marcos Paz 1728 EPC N 4 DE 18,NA,b3,10
data/encuesta/Gurgo Alejandra.xlsx,Mercedes 1405 EPC 10,NA,a1,8
data/encuesta/Gurgo Alejandra.xlsx,Mercedes 1405 EPC 10,NA,a2,10
data/encuesta/Gurgo Alejandra.xlsx,Mercedes 1405 EPC 10,NA,a3,10
data/encuesta/Gurgo Alejandra.xlsx,Mercedes 1405 EPC 10,NA,a4,10
data/encuesta/Gurgo Alejandra.xlsx,Mercedes 1405 EPC 10,NA,b1,10
data/encuesta/Gurgo Alejandra.xlsx,Mercedes 1405 EPC 10,NA,b2,10
data/encuesta/Gurgo Alejandra.xlsx,Mercedes 1405 EPC 10,NA,b3,10
data/encuesta/Gurgo Alejandra.xlsx,Bahia Blanca 1551 EPC 16,NA,a1,8
data/encuesta/Gurgo Alejandra.xlsx,Bahia Blanca 1551 EPC 16,NA,a2,9
data/encuesta/Gurgo Alejandra.xlsx,Bahia Blanca 1551 EPC 16,NA,a3,9
data/encuesta/Gurgo Alejandra.xlsx,Bahia Blanca 1551 EPC 16,NA,a4,9
data/encuesta/Gurgo Alejandra.xlsx,Bahia Blanca 1551 EPC 16,NA,b1,10
data/encuesta/Gurgo Alejandra.xlsx,Bahia Blanca 1551 EPC 16,NA,b2,10
data/encuesta/Gurgo Alejandra.xlsx,Bahia Blanca 1551 EPC 16,NA,b3,10
data/encuesta/Gurgo Alejandra.xlsx,Chivilcoy 1820 EEEYFL 29,NA,a1,7
data/encuesta/Gurgo Alejandra.xlsx,Chivilcoy 1820 EEEYFL 29,NA,a2,8
data/encuesta/Gurgo Alejandra.xlsx,Chivilcoy 1820 EEEYFL 29,NA,a3,8
data/encuesta/Gurgo Alejandra.xlsx,Chivilcoy 1820 EEEYFL 29,NA,a4,10
data/encuesta/Gurgo Alejandra.xlsx,Chivilcoy 1820 EEEYFL 29,NA,b1,10
data/encuesta/Gurgo Alejandra.xlsx,Chivilcoy 1820 EEEYFL 29,NA,b2,10
data/encuesta/Gurgo Alejandra.xlsx,Chivilcoy 1820 EEEYFL 29,NA,b3,10
data/encuesta/Labonia Sebastian.xlsx,Cgio N1 B Rivadavia,NA,a1,8
data/encuesta/Labonia Sebastian.xlsx,Cgio N1 B Rivadavia,NA,a2,8
data/encuesta/Labonia Sebastian.xlsx,Cgio N1 B Rivadavia,NA,a3,7
data/encuesta/Labonia Sebastian.xlsx,Cgio N1 B Rivadavia,NA,a4,9
data/encuesta/Labonia Sebastian.xlsx,Cgio N1 B Rivadavia,NA,b1,7
data/encuesta/Labonia Sebastian.xlsx,Cgio N1 B Rivadavia,NA,b2,8
data/encuesta/Labonia Sebastian.xlsx,Cgio N1 B Rivadavia,NA,b3,10
data/encuesta/Labonia Sebastian.xlsx,EPC N° 05 DE 3,NA,a1,10
data/encuesta/Labonia Sebastian.xlsx,EPC N° 05 DE 3,NA,a2,9
data/encuesta/Labonia Sebastian.xlsx,EPC N° 05 DE 3,NA,a3,10
data/encuesta/Labonia Sebastian.xlsx,EPC N° 05 DE 3,NA,a4,8
data/encuesta/Labonia Sebastian.xlsx,EPC N° 16 DE 3,NA,a1,8
data/encuesta/Labonia Sebastian.xlsx,EPC N° 16 DE 3,NA,a2,7
data/encuesta/Labonia Sebastian.xlsx,EPC N° 16 DE 3,NA,a3,9
data/encuesta/Labonia Sebastian.xlsx,EPC N° 16 DE 3,NA,a4,10
data/encuesta/Labonia Sebastian.xlsx,EPC N° 16 DE 3,NA,b1,9
data/encuesta/Labonia Sebastian.xlsx,EPC N° 16 DE 3,NA,b2,10
data/encuesta/Labonia Sebastian.xlsx,EPC N° 16 DE 3,NA,b3,10
data/encuesta/Luzzi Agustin.xlsx,COLEGIO N° 18 DE 18,201616,a1,7
data/encuesta/Luzzi Agustin.xlsx,COLEGIO N° 18 DE 18,201616,a2,8
data/encuesta/Luzzi Agustin.xlsx,COLEGIO N° 18 DE 18,201616,a3,7
data/encuesta/Luzzi Agustin.xlsx,COLEGIO N° 18 DE 18,201616,a4,7
data/encuesta/Luzzi Agustin.xlsx,COLEGIO N° 18 DE 18,201616,b1,8
data/encuesta/Luzzi Agustin.xlsx,COLEGIO N° 18 DE 18,201616,b2,8
data/encuesta/Luzzi Agustin.xlsx,COLEGIO N° 18 DE 18,201616,b3,9
data/encuesta/Luzzi Agustin.xlsx,EPC 24 DE 12,200417,a1,7
data/encuesta/Luzzi Agustin.xlsx,EPC 24 DE 12,200417,a2,8
data/encuesta/Luzzi Agustin.xlsx,EPC 24 DE 12,200417,a3,7
data/encuesta/Luzzi Agustin.xlsx,EPC 24 DE 12,200417,a4,7
data/encuesta/Luzzi Agustin.xlsx,EPC 24 DE 12,200417,b1,6
data/encuesta/Luzzi Agustin.xlsx,EPC 24 DE 12,200417,b2,7
data/encuesta/Luzzi Agustin.xlsx,EPC 24 DE 12,200417,b3,9
data/encuesta/Luzzi Agustin.xlsx,EPC N° 09 De 12,200961,a1,6
data/encuesta/Luzzi Agustin.xlsx,EPC N° 09 De 12,200961,a2,6
data/encuesta/Luzzi Agustin.xlsx,EPC N° 09 De 12,200961,a3,6
data/encuesta/Luzzi Agustin.xlsx,EPC N° 09 De 12,200961,a4,6
data/encuesta/Luzzi Agustin.xlsx,EPC N° 09 De 12,200961,b1,7
data/encuesta/Luzzi Agustin.xlsx,EPC N° 09 De 12,200961,b2,7
data/encuesta/Luzzi Agustin.xlsx,EPC N° 09 De 12,200961,b3,7
data/encuesta/Luzzi Agustin.xlsx,EEEYFL N° 06 DE 18,200750,a1,6
data/encuesta/Luzzi Agustin.xlsx,EEEYFL N° 06 DE 18,200750,a2,7
data/encuesta/Luzzi Agustin.xlsx,EEEYFL N° 06 DE 18,200750,a3,6
data/encuesta/Luzzi Agustin.xlsx,EEEYFL N° 06 DE 18,200750,a4,6
data/encuesta/Luzzi Agustin.xlsx,EEEYFL N° 06 DE 18,200750,b1,8
data/encuesta/Luzzi Agustin.xlsx,EEEYFL N° 06 DE 18,200750,b2,7
data/encuesta/Luzzi Agustin.xlsx,EEEYFL N° 06 DE 18,200750,b3,7
data/encuesta/Luzzi Agustin.xlsx,EPC 3 DE 12,200196,a1,7
data/encuesta/Luzzi Agustin.xlsx,EPC 3 DE 12,200196,a2,6
data/encuesta/Luzzi Agustin.xlsx,EPC 3 DE 12,200196,a3,7
data/encuesta/Luzzi Agustin.xlsx,EPC 3 DE 12,200196,a4,7
data/encuesta/Luzzi Agustin.xlsx,EPC 3 DE 12,200196,b1,7
data/encuesta/Luzzi Agustin.xlsx,EPC 3 DE 12,200196,b2,7
data/encuesta/Luzzi Agustin.xlsx,EPC 3 DE 12,200196,b3,7
data/encuesta/Luzzi Agustin.xlsx,Cens 56,201599,a1,7
data/encuesta/Luzzi Agustin.xlsx,Cens 56,201599,a2,7
data/encuesta/Luzzi Agustin.xlsx,Cens 56,201599,a3,6
data/encuesta/Luzzi Agustin.xlsx,Cens 56,201599,a4,6
data/encuesta/Luzzi Agustin.xlsx,Cens 56,201599,b1,7
data/encuesta/Luzzi Agustin.xlsx,Cens 56,201599,b2,7
data/encuesta/Luzzi Agustin.xlsx,Cens 56,201599,b3,7
data/encuesta/Luzzi Agustin.xlsx,EPC 23 DE 18,200745,a1,5
data/encuesta/Luzzi Agustin.xlsx,EPC 23 DE 18,200745,a2,8
data/encuesta/Luzzi Agustin.xlsx,EPC 23 DE 18,200745,a3,8
data/encuesta/Luzzi Agustin.xlsx,EPC 23 DE 18,200745,a4,8
data/encuesta/Luzzi Agustin.xlsx,EPC 23 DE 18,200745,b1,8
data/encuesta/Luzzi Agustin.xlsx,EPC 23 DE 18,200745,b2,7
data/encuesta/Luzzi Agustin.xlsx,EPC 23 DE 18,200745,b3,7
data/encuesta/Maldonado Elena Encuesta.xlsx,EEEYF 1,NA,a1,9
data/encuesta/Maldonado Elena Encuesta.xlsx,EEEYF 1,NA,a2,9
data/encuesta/Maldonado Elena Encuesta.xlsx,EEEYF 1,NA,a3,9
data/encuesta/Maldonado Elena Encuesta.xlsx,EEEYF 1,NA,a4,9
data/encuesta/Maldonado Elena Encuesta.xlsx,EEEYF 1,NA,b1,9
data/encuesta/Maldonado Elena Encuesta.xlsx,EEEYF 1,NA,b2,9
data/encuesta/Maldonado Elena Encuesta.xlsx,EEEYF 1,NA,b3,9
data/encuesta/Maldonado Elena Encuesta.xlsx,JII 1 DE 11,NA,a1,9
data/encuesta/Maldonado Elena Encuesta.xlsx,JII 1 DE 11,NA,a2,9
data/encuesta/Maldonado Elena Encuesta.xlsx,JII 1 DE 11,NA,a3,9
data/encuesta/Maldonado Elena Encuesta.xlsx,JII 1 DE 11,NA,a4,9
data/encuesta/Maldonado Elena Encuesta.xlsx,JII 1 DE 11,NA,b1,9
data/encuesta/Maldonado Elena Encuesta.xlsx,JII 1 DE 11,NA,b2,9
data/encuesta/Maldonado Elena Encuesta.xlsx,JII 1 DE 11,NA,b3,9
data/encuesta/Maldonado Elena Encuesta.xlsx,JII 1 DE 19,NA,a1,10
data/encuesta/Maldonado Elena Encuesta.xlsx,JII 1 DE 19,NA,a2,10
data/encuesta/Maldonado Elena Encuesta.xlsx,JII 1 DE 19,NA,a3,10
data/encuesta/Maldonado Elena Encuesta.xlsx,JII 1 DE 19,NA,a4,10
data/encuesta/Maldonado Elena Encuesta.xlsx,JII 1 DE 19,NA,b1,10
data/encuesta/Maldonado Elena Encuesta.xlsx,JII 1 DE 19,NA,b2,10
data/encuesta/Maldonado Elena Encuesta.xlsx,JII 1 DE 19,NA,b3,10
data/encuesta/Maldonado Elena Encuesta.xlsx,EPC 22 DE 2,NA,a1,9
data/encuesta/Maldonado Elena Encuesta.xlsx,EPC 22 DE 2,NA,a2,9
data/encuesta/Maldonado Elena Encuesta.xlsx,EPC 22 DE 2,NA,a3,9
data/encuesta/Maldonado Elena Encuesta.xlsx,EPC 22 DE 2,NA,a4,9
data/encuesta/Maldonado Elena Encuesta.xlsx,EPC 22 DE 2,NA,b1,9
data/encuesta/Maldonado Elena Encuesta.xlsx,EPC 22 DE 2,NA,b2,9
data/encuesta/Maldonado Elena Encuesta.xlsx,EPC 22 DE 2,NA,b3,9
data/encuesta/Maldonado Elena Encuesta.xlsx,ESC 12 DE 19,NA,a1,9
data/encuesta/Maldonado Elena Encuesta.xlsx,ESC 12 DE 19,NA,a2,9
data/encuesta/Maldonado Elena Encuesta.xlsx,ESC 12 DE 19,NA,a3,9
data/encuesta/Maldonado Elena Encuesta.xlsx,ESC 12 DE 19,NA,a4,9
data/encuesta/Maldonado Elena Encuesta.xlsx,ESC 12 DE 19,NA,b1,9
data/encuesta/Maldonado Elena Encuesta.xlsx,ESC 12 DE 19,NA,b2,9
data/encuesta/Maldonado Elena Encuesta.xlsx,ESC 12 DE 19,NA,b3,9
data/encuesta/Maldonado Elena Encuesta.xlsx,JIN 6 DE 19,NA,a1,10
data/encuesta/Maldonado Elena Encuesta.xlsx,JIN 6 DE 19,NA,a2,10
data/encuesta/Maldonado Elena Encuesta.xlsx,JIN 6 DE 19,NA,a3,10
data/encuesta/Maldonado Elena Encuesta.xlsx,JIN 6 DE 19,NA,a4,10
data/encuesta/Maldonado Elena Encuesta.xlsx,JIN 6 DE 19,NA,b1,10
data/encuesta/Maldonado Elena Encuesta.xlsx,JIN 6 DE 19,NA,b2,10
data/encuesta/Maldonado Elena Encuesta.xlsx,JIN 6 DE 19,NA,b3,10
data/encuesta/Maron Mariano.xlsx,JIC 2 DE 19,NA,a1,8
data/encuesta/Maron Mariano.xlsx,JIC 2 DE 19,NA,a2,8
data/encuesta/Maron Mariano.xlsx,JIC 2 DE 19,NA,a3,8
data/encuesta/Maron Mariano.xlsx,JIC 2 DE 19,NA,a4,8
data/encuesta/Maron Mariano.xlsx,JIC 2 DE 19,NA,b1,10
data/encuesta/Maron Mariano.xlsx,JIC 2 DE 19,NA,b2,10
data/encuesta/Maron Mariano.xlsx,JIC 2 DE 19,NA,b3,10
data/encuesta/Maron Mariano.xlsx,JII 10 DE 5,NA,a1,10
data/encuesta/Maron Mariano.xlsx,JII 10 DE 5,NA,a2,8
data/encuesta/Maron Mariano.xlsx,JII 10 DE 5,NA,a3,10
data/encuesta/Maron Mariano.xlsx,JII 10 DE 5,NA,a4,9
data/encuesta/Maron Mariano.xlsx,JII 10 DE 5,NA,b1,10
data/encuesta/Maron Mariano.xlsx,JII 10 DE 5,NA,b2,10
data/encuesta/Maron Mariano.xlsx,JII 10 DE 5,NA,b3,10
data/encuesta/Maron Mariano.xlsx,JII 16 DE 5,NA,a1,8
data/encuesta/Maron Mariano.xlsx,JII 16 DE 5,NA,a2,7
data/encuesta/Maron Mariano.xlsx,JII 16 DE 5,NA,a3,8
data/encuesta/Maron Mariano.xlsx,JII 16 DE 5,NA,a4,9
data/encuesta/Maron Mariano.xlsx,JII 16 DE 5,NA,b1,10
data/encuesta/Maron Mariano.xlsx,JII 16 DE 5,NA,b2,10
data/encuesta/Maron Mariano.xlsx,JII 16 DE 5,NA,b3,10
data/encuesta/Maron Mariano.xlsx,JII 19 DE 5,NA,a1,9
data/encuesta/Maron Mariano.xlsx,JII 19 DE 5,NA,a2,5
data/encuesta/Maron Mariano.xlsx,JII 19 DE 5,NA,a3,8
data/encuesta/Maron Mariano.xlsx,JII 19 DE 5,NA,a4,8
data/encuesta/Maron Mariano.xlsx,JII 19 DE 5,NA,b1,10
data/encuesta/Maron Mariano.xlsx,JII 19 DE 5,NA,b2,10
data/encuesta/Maron Mariano.xlsx,JII 19 DE 5,NA,b3,10
data/encuesta/Maron Mariano.xlsx,JIC 7 DE 9 ,NA,b1,10
data/encuesta/Maron Mariano.xlsx,JIC 7 DE 9 ,NA,b2,10
data/encuesta/Maron Mariano.xlsx,JIC 7 DE 9 ,NA,b3,10
data/encuesta/Maron Mariano.xlsx,JIN D (esc 11) DE 10,NA,a1,6
data/encuesta/Maron Mariano.xlsx,JIN D (esc 11) DE 10,NA,a2,5
data/encuesta/Maron Mariano.xlsx,JIN D (esc 11) DE 10,NA,a3,5
data/encuesta/Maron Mariano.xlsx,JIN D (esc 11) DE 10,NA,a4,5
data/encuesta/Maron Mariano.xlsx,JIN D (esc 11) DE 10,NA,b1,10
data/encuesta/Maron Mariano.xlsx,JIN D (esc 11) DE 10,NA,b2,10
data/encuesta/Maron Mariano.xlsx,JIN D (esc 11) DE 10,NA,b3,10
data/encuesta/Maron Mariano.xlsx,Esc 94 DE 6,NA,a1,10
data/encuesta/Maron Mariano.xlsx,Esc 94 DE 6,NA,a2,10
data/encuesta/Maron Mariano.xlsx,Esc 94 DE 6,NA,a3,10
data/encuesta/Maron Mariano.xlsx,Esc 94 DE 6,NA,a4,10
data/encuesta/Maron Mariano.xlsx,Esc 94 DE 6,NA,b1,10
data/encuesta/Maron Mariano.xlsx,Esc 94 DE 6,NA,b2,10
data/encuesta/Maron Mariano.xlsx,Esc 94 DE 6,NA,b3,10
data/encuesta/Maron Mariano.xlsx,Esc 5 DE 5,NA,a1,8
data/encuesta/Maron Mariano.xlsx,Esc 5 DE 5,NA,a2,7
data/encuesta/Maron Mariano.xlsx,Esc 5 DE 5,NA,a3,10
data/encuesta/Maron Mariano.xlsx,Esc 5 DE 5,NA,a4,7
data/encuesta/Maron Mariano.xlsx,Esc 5 DE 5,NA,b1,10
data/encuesta/Maron Mariano.xlsx,Esc 5 DE 5,NA,b2,10
data/encuesta/Maron Mariano.xlsx,Esc 5 DE 5,NA,b3,10
data/encuesta/Maron Mariano.xlsx,EEM 3 DE 4,NA,b1,10
data/encuesta/Maron Mariano.xlsx,EEM 3 DE 4,NA,b2,10
data/encuesta/Maron Mariano.xlsx,EEM 3 DE 4,NA,b3,10
data/encuesta/Martinez Carola.xlsx,Ei N°2 DE 14 (TORNÚ),NA,a1,7
data/encuesta/Martinez Carola.xlsx,Ei N°2 DE 14 (TORNÚ),NA,a2,7
data/encuesta/Martinez Carola.xlsx,Ei N°2 DE 14 (TORNÚ),NA,a3,8
data/encuesta/Martinez Carola.xlsx,Ei N°2 DE 14 (TORNÚ),NA,a4,10
data/encuesta/Martinez Carola.xlsx,Ei N°2 DE 14 (TORNÚ),NA,b1,8
data/encuesta/Martinez Carola.xlsx,Ei N°2 DE 14 (TORNÚ),NA,b2,8
data/encuesta/Martinez Carola.xlsx,Ei N°2 DE 14 (TORNÚ),NA,b3,10
data/encuesta/Martinez Carola.xlsx,Jii N°3 DE 14 (OLLEROS),NA,a1,7
data/encuesta/Martinez Carola.xlsx,Jii N°3 DE 14 (OLLEROS),NA,a2,8
data/encuesta/Martinez Carola.xlsx,Jii N°3 DE 14 (OLLEROS),NA,a3,9
data/encuesta/Martinez Carola.xlsx,Jii N°3 DE 14 (OLLEROS),NA,a4,10
data/encuesta/Martinez Carola.xlsx,Jii N°3 DE 14 (OLLEROS),NA,b1,7
data/encuesta/Martinez Carola.xlsx,Jii N°3 DE 14 (OLLEROS),NA,b2,8
data/encuesta/Martinez Carola.xlsx,Jii N°3 DE 14 (OLLEROS),NA,b3,9
data/encuesta/Martinez Carola.xlsx,EP CONDARCO DE 14,NA,a1,5
data/encuesta/Martinez Carola.xlsx,EP CONDARCO DE 14,NA,a2,8
data/encuesta/Martinez Carola.xlsx,EP CONDARCO DE 14,NA,a3,10
data/encuesta/Martinez Carola.xlsx,EP CONDARCO DE 14,NA,a4,10
data/encuesta/Martinez Carola.xlsx,EP CONDARCO DE 14,NA,b1,8
data/encuesta/Martinez Carola.xlsx,EP CONDARCO DE 14,NA,b2,9
data/encuesta/Martinez Carola.xlsx,EP CONDARCO DE 14,NA,b3,10
data/encuesta/Martinez Carola.xlsx,EP AGOTE DE 14,NA,a1,7
data/encuesta/Martinez Carola.xlsx,EP AGOTE DE 14,NA,a2,10
data/encuesta/Martinez Carola.xlsx,EP AGOTE DE 14,NA,a3,10
data/encuesta/Martinez Carola.xlsx,EP AGOTE DE 14,NA,a4,10
data/encuesta/Martinez Carola.xlsx,EP AGOTE DE 14,NA,b1,9
data/encuesta/Martinez Carola.xlsx,EP AGOTE DE 14,NA,b2,10
data/encuesta/Martinez Carola.xlsx,EP AGOTE DE 14,NA,b3,10
data/encuesta/Maure Nicolas.xlsx,M Leguizamon 1470,NA,a1,7
data/encuesta/Maure Nicolas.xlsx,M Leguizamon 1470,NA,a3,9
data/encuesta/Maure Nicolas.xlsx,M Leguizamon 1470,NA,a4,9
data/encuesta/Maure Nicolas.xlsx,M Leguizamon 1470,NA,b1,9
data/encuesta/Maure Nicolas.xlsx,M Leguizamon 1470,NA,b2,10
data/encuesta/Maure Nicolas.xlsx,M Leguizamon 1470,NA,b3,9
data/encuesta/Maure Nicolas.xlsx,Zelada 6240,NA,a1,9
data/encuesta/Maure Nicolas.xlsx,Zelada 6240,NA,a3,10
data/encuesta/Maure Nicolas.xlsx,Zelada 6240,NA,a4,8
data/encuesta/Maure Nicolas.xlsx,Zelada 6240,NA,b1,9
data/encuesta/Maure Nicolas.xlsx,Zelada 6240,NA,b2,9
data/encuesta/Maure Nicolas.xlsx,Zelada 6240,NA,b3,9
data/encuesta/Maure Nicolas.xlsx,Murguiondo 76,NA,a1,4
data/encuesta/Maure Nicolas.xlsx,Murguiondo 76,NA,a3,9
data/encuesta/Maure Nicolas.xlsx,Murguiondo 76,NA,a4,9
data/encuesta/Maure Nicolas.xlsx,Murguiondo 76,NA,b1,9
data/encuesta/Maure Nicolas.xlsx,Murguiondo 76,NA,b2,9
data/encuesta/Maure Nicolas.xlsx,Murguiondo 76,NA,b3,9
data/encuesta/Maure Nicolas.xlsx,Jardin Polo Mataderos,NA,a1,8
data/encuesta/Maure Nicolas.xlsx,Jardin Polo Mataderos,NA,a2,9
data/encuesta/Maure Nicolas.xlsx,Jardin Polo Mataderos,NA,a3,10
data/encuesta/Maure Nicolas.xlsx,Jardin Polo Mataderos,NA,a4,9
data/encuesta/Maure Nicolas.xlsx,Jardin Polo Mataderos,NA,b1,9
data/encuesta/Maure Nicolas.xlsx,Jardin Polo Mataderos,NA,b2,9
data/encuesta/Maure Nicolas.xlsx,Jardin Polo Mataderos,NA,b3,10
data/encuesta/Maure Nicolas.xlsx,L de la Torre 2288,NA,a1,5
data/encuesta/Maure Nicolas.xlsx,L de la Torre 2288,NA,a3,5
data/encuesta/Maure Nicolas.xlsx,L de la Torre 2288,NA,a4,8
data/encuesta/Maure Nicolas.xlsx,L de la Torre 2288,NA,b1,9
data/encuesta/Maure Nicolas.xlsx,L de la Torre 2288,NA,b2,9
data/encuesta/Maure Nicolas.xlsx,L de la Torre 2288,NA,b3,9
data/encuesta/Maure Nicolas.xlsx,Tecnica 20 DE 20,NA,a1,10
data/encuesta/Maure Nicolas.xlsx,Tecnica 20 DE 20,NA,a2,8
data/encuesta/Maure Nicolas.xlsx,Tecnica 20 DE 20,NA,a3,9
data/encuesta/Maure Nicolas.xlsx,Tecnica 20 DE 20,NA,a4,8
data/encuesta/Maure Nicolas.xlsx,Tecnica 20 DE 20,NA,b1,10
data/encuesta/Maure Nicolas.xlsx,Tecnica 20 DE 20,NA,b2,10
data/encuesta/Maure Nicolas.xlsx,Tecnica 20 DE 20,NA,b3,10
data/encuesta/Mendoza Jesica.xlsx,EPC N° 20 PEDRO MEDRANO 201652,NA,a1,7
data/encuesta/Mendoza Jesica.xlsx,EPC N° 20 PEDRO MEDRANO 201652,NA,a2,8
data/encuesta/Mendoza Jesica.xlsx,EPC N° 20 PEDRO MEDRANO 201652,NA,a3,7
data/encuesta/Mendoza Jesica.xlsx,EPC N° 20 PEDRO MEDRANO 201652,NA,a4,8
data/encuesta/Mendoza Jesica.xlsx,EPC N° 20 PEDRO MEDRANO 201652,NA,b1,8
data/encuesta/Mendoza Jesica.xlsx,EPC N° 20 PEDRO MEDRANO 201652,NA,b2,8
data/encuesta/Mendoza Jesica.xlsx,EPC N° 20 PEDRO MEDRANO 201652,NA,b3,8
data/encuesta/Mendoza Jesica.xlsx,ESC. TEC. N° 16 ESPAÑA 200939,NA,a1,6
data/encuesta/Mendoza Jesica.xlsx,ESC. TEC. N° 16 ESPAÑA 200939,NA,a2,6
data/encuesta/Mendoza Jesica.xlsx,ESC. TEC. N° 16 ESPAÑA 200939,NA,a3,5
data/encuesta/Mendoza Jesica.xlsx,ESC. TEC. N° 16 ESPAÑA 200939,NA,a4,5
data/encuesta/Mendoza Jesica.xlsx,ESC. TEC. N° 16 ESPAÑA 200939,NA,b1,8
data/encuesta/Mendoza Jesica.xlsx,ESC. TEC. N° 16 ESPAÑA 200939,NA,b2,8
data/encuesta/Mendoza Jesica.xlsx,ESC. TEC. N° 16 ESPAÑA 200939,NA,b3,9
data/encuesta/Mendoza Jesica.xlsx,EPC N° 08 ALTE. MANUEL BLANCO E,NA,a1,7
data/encuesta/Mendoza Jesica.xlsx,EPC N° 08 ALTE. MANUEL BLANCO E,NA,a2,7
data/encuesta/Mendoza Jesica.xlsx,EPC N° 08 ALTE. MANUEL BLANCO E,NA,a3,7
data/encuesta/Mendoza Jesica.xlsx,EPC N° 08 ALTE. MANUEL BLANCO E,NA,a4,8
data/encuesta/Mendoza Jesica.xlsx,EPC N° 08 ALTE. MANUEL BLANCO E,NA,b1,8
data/encuesta/Mendoza Jesica.xlsx,EPC N° 08 ALTE. MANUEL BLANCO E,NA,b2,7
data/encuesta/Mendoza Jesica.xlsx,EPC N° 08 ALTE. MANUEL BLANCO E,NA,b3,7
data/encuesta/Mendoza Jesica.xlsx,ESC. DE COM. N° 11 DR. JOSE PER,NA,a1,9
data/encuesta/Mendoza Jesica.xlsx,ESC. DE COM. N° 11 DR. JOSE PER,NA,a2,10
data/encuesta/Mendoza Jesica.xlsx,ESC. DE COM. N° 11 DR. JOSE PER,NA,a3,9
data/encuesta/Mendoza Jesica.xlsx,ESC. DE COM. N° 11 DR. JOSE PER,NA,a4,8
data/encuesta/Mendoza Jesica.xlsx,ESC. DE COM. N° 11 DR. JOSE PER,NA,b1,8
data/encuesta/Mendoza Jesica.xlsx,ESC. DE COM. N° 11 DR. JOSE PER,NA,b2,6
data/encuesta/Mendoza Jesica.xlsx,ESC. DE COM. N° 11 DR. JOSE PER,NA,b3,6
data/encuesta/Mendoza Jesica.xlsx,ESC. TEC. N° 24 DEFENSA DE BUEN,NA,a1,5
data/encuesta/Mendoza Jesica.xlsx,ESC. TEC. N° 24 DEFENSA DE BUEN,NA,a2,8
data/encuesta/Mendoza Jesica.xlsx,ESC. TEC. N° 24 DEFENSA DE BUEN,NA,a3,9
data/encuesta/Mendoza Jesica.xlsx,ESC. TEC. N° 24 DEFENSA DE BUEN,NA,a4,10
data/encuesta/Mendoza Jesica.xlsx,ESC. TEC. N° 24 DEFENSA DE BUEN,NA,b1,10
data/encuesta/Mendoza Jesica.xlsx,ESC. TEC. N° 24 DEFENSA DE BUEN,NA,b2,10
data/encuesta/Mendoza Jesica.xlsx,ESC. TEC. N° 24 DEFENSA DE BUEN,NA,b3,10
data/encuesta/Mendoza Jesica.xlsx,EPC N° 22 PROF. PEDRO LUIS COMI,NA,a1,9
data/encuesta/Mendoza Jesica.xlsx,EPC N° 22 PROF. PEDRO LUIS COMI,NA,a2,10
data/encuesta/Mendoza Jesica.xlsx,EPC N° 22 PROF. PEDRO LUIS COMI,NA,a3,9
data/encuesta/Mendoza Jesica.xlsx,EPC N° 22 PROF. PEDRO LUIS COMI,NA,a4,8
data/encuesta/Mendoza Jesica.xlsx,EPC N° 22 PROF. PEDRO LUIS COMI,NA,b1,9
data/encuesta/Mendoza Jesica.xlsx,EPC N° 22 PROF. PEDRO LUIS COMI,NA,b2,9
data/encuesta/Mendoza Jesica.xlsx,EPC N° 22 PROF. PEDRO LUIS COMI,NA,b3,10
data/encuesta/Mendoza Jesica.xlsx,EPC N° 04 PROVINCIA DE LA PAMPA,NA,a1,6
data/encuesta/Mendoza Jesica.xlsx,EPC N° 04 PROVINCIA DE LA PAMPA,NA,a2,7
data/encuesta/Mendoza Jesica.xlsx,EPC N° 04 PROVINCIA DE LA PAMPA,NA,a3,6
data/encuesta/Mendoza Jesica.xlsx,EPC N° 04 PROVINCIA DE LA PAMPA,NA,a4,7
data/encuesta/Mendoza Jesica.xlsx,EPC N° 04 PROVINCIA DE LA PAMPA,NA,b1,8
data/encuesta/Mendoza Jesica.xlsx,EPC N° 04 PROVINCIA DE LA PAMPA,NA,b2,8
data/encuesta/Mendoza Jesica.xlsx,EPC N° 04 PROVINCIA DE LA PAMPA,NA,b3,8
data/encuesta/Mendoza Jesica.xlsx,EPC N° 17 CASILDA IGARZABAL DE ,NA,a1,7
data/encuesta/Mendoza Jesica.xlsx,EPC N° 17 CASILDA IGARZABAL DE ,NA,a2,8
data/encuesta/Mendoza Jesica.xlsx,EPC N° 17 CASILDA IGARZABAL DE ,NA,a3,8
data/encuesta/Mendoza Jesica.xlsx,EPC N° 17 CASILDA IGARZABAL DE ,NA,a4,8
data/encuesta/Mendoza Jesica.xlsx,EPC N° 17 CASILDA IGARZABAL DE ,NA,b1,8
data/encuesta/Mendoza Jesica.xlsx,EPC N° 17 CASILDA IGARZABAL DE ,NA,b2,8
data/encuesta/Mendoza Jesica.xlsx,EPC N° 17 CASILDA IGARZABAL DE ,NA,b3,8
data/encuesta/Mendoza Jesica.xlsx,EPC N° 07 JORGE NEWBERY 200219,NA,a1,7
data/encuesta/Mendoza Jesica.xlsx,EPC N° 07 JORGE NEWBERY 200219,NA,a2,7
data/encuesta/Mendoza Jesica.xlsx,EPC N° 07 JORGE NEWBERY 200219,NA,a3,8
data/encuesta/Mendoza Jesica.xlsx,EPC N° 07 JORGE NEWBERY 200219,NA,a4,6
data/encuesta/Mendoza Jesica.xlsx,EPC N° 07 JORGE NEWBERY 200219,NA,b1,6
data/encuesta/Mendoza Jesica.xlsx,EPC N° 07 JORGE NEWBERY 200219,NA,b2,7
data/encuesta/Mendoza Jesica.xlsx,EPC N° 07 JORGE NEWBERY 200219,NA,b3,7
data/encuesta/Mendoza Jesica.xlsx,EPC N° 05 GABRIELA MISTRAL 2004,NA,a1,6
data/encuesta/Mendoza Jesica.xlsx,EPC N° 05 GABRIELA MISTRAL 2004,NA,a2,7
data/encuesta/Mendoza Jesica.xlsx,EPC N° 05 GABRIELA MISTRAL 2004,NA,a3,6
data/encuesta/Mendoza Jesica.xlsx,EPC N° 05 GABRIELA MISTRAL 2004,NA,a4,7
data/encuesta/Mendoza Jesica.xlsx,EPC N° 05 GABRIELA MISTRAL 2004,NA,b1,8
data/encuesta/Mendoza Jesica.xlsx,EPC N° 05 GABRIELA MISTRAL 2004,NA,b2,7
data/encuesta/Mendoza Jesica.xlsx,EPC N° 05 GABRIELA MISTRAL 2004,NA,b3,6
data/encuesta/Mendoza Jesica.xlsx,EPC N° 08 SAN JUAN BOSCO 200618,NA,a1,6
data/encuesta/Mendoza Jesica.xlsx,EPC N° 08 SAN JUAN BOSCO 200618,NA,a2,8
data/encuesta/Mendoza Jesica.xlsx,EPC N° 08 SAN JUAN BOSCO 200618,NA,a3,8
data/encuesta/Mendoza Jesica.xlsx,EPC N° 08 SAN JUAN BOSCO 200618,NA,a4,8
data/encuesta/Mendoza Jesica.xlsx,EPC N° 08 SAN JUAN BOSCO 200618,NA,b1,8
data/encuesta/Mendoza Jesica.xlsx,EPC N° 08 SAN JUAN BOSCO 200618,NA,b2,7
data/encuesta/Mendoza Jesica.xlsx,EPC N° 08 SAN JUAN BOSCO 200618,NA,b3,7
data/encuesta/Mendoza Jesica.xlsx,EPC N° 18 PROVINCIA DE TIERRA D,NA,a1,3
data/encuesta/Mendoza Jesica.xlsx,EPC N° 18 PROVINCIA DE TIERRA D,NA,a2,4
data/encuesta/Mendoza Jesica.xlsx,EPC N° 18 PROVINCIA DE TIERRA D,NA,a3,3
data/encuesta/Mendoza Jesica.xlsx,EPC N° 18 PROVINCIA DE TIERRA D,NA,a4,5
data/encuesta/Mendoza Jesica.xlsx,EPC N° 18 PROVINCIA DE TIERRA D,NA,b1,7
data/encuesta/Mendoza Jesica.xlsx,EPC N° 18 PROVINCIA DE TIERRA D,NA,b2,3
data/encuesta/Mendoza Jesica.xlsx,EPC N° 18 PROVINCIA DE TIERRA D,NA,b3,5
data/encuesta/Miguez Marcela.xlsx,Cuestionario,NA,a1,7
data/encuesta/Miguez Marcela.xlsx,Cuestionario,NA,a2,8
data/encuesta/Miguez Marcela.xlsx,Cuestionario,NA,a3,8
data/encuesta/Miguez Marcela.xlsx,Cuestionario,NA,a4,10
data/encuesta/Miguez Marcela.xlsx,Cuestionario,NA,b1,10
data/encuesta/Miguez Marcela.xlsx,Cuestionario,NA,b2,10
data/encuesta/Miguez Marcela.xlsx,Cuestionario,NA,b3,10
data/encuesta/Murtagh Alejandro.xlsx,Gallardo 149 (Media),NA,a1,6
data/encuesta/Murtagh Alejandro.xlsx,Gallardo 149 (Media),NA,a2,6
data/encuesta/Murtagh Alejandro.xlsx,Gallardo 149 (Media),NA,a3,5
data/encuesta/Murtagh Alejandro.xlsx,Gallardo 149 (Media),NA,a4,6
data/encuesta/Murtagh Alejandro.xlsx,Gallardo 149 (Media),NA,b1,5
data/encuesta/Murtagh Alejandro.xlsx,Gallardo 149 (Media),NA,b2,6
data/encuesta/Murtagh Alejandro.xlsx,Gallardo 149 (Media),NA,b3,7
data/encuesta/Murtagh Alejandro.xlsx,Gallardo 149,NA,a1,7
data/encuesta/Murtagh Alejandro.xlsx,Gallardo 149,NA,a2,7
data/encuesta/Murtagh Alejandro.xlsx,Gallardo 149,NA,a3,8
data/encuesta/Murtagh Alejandro.xlsx,Gallardo 149,NA,a4,8
data/encuesta/Murtagh Alejandro.xlsx,Gallardo 149,NA,b1,8
data/encuesta/Murtagh Alejandro.xlsx,Gallardo 149,NA,b2,9
data/encuesta/Murtagh Alejandro.xlsx,Gallardo 149,NA,b3,10
data/encuesta/Murtagh Alejandro.xlsx,Acassuso 5860,NA,a1,8
data/encuesta/Murtagh Alejandro.xlsx,Acassuso 5860,NA,a2,8
data/encuesta/Murtagh Alejandro.xlsx,Acassuso 5860,NA,a3,8
data/encuesta/Murtagh Alejandro.xlsx,Acassuso 5860,NA,a4,8
data/encuesta/Murtagh Alejandro.xlsx,Acassuso 5860,NA,b1,8
data/encuesta/Murtagh Alejandro.xlsx,Acassuso 5860,NA,b2,9
data/encuesta/Murtagh Alejandro.xlsx,Acassuso 5860,NA,b3,9
data/encuesta/Murtagh Alejandro.xlsx,Lavalle 1681,NA,a1,8
data/encuesta/Murtagh Alejandro.xlsx,Lavalle 1681,NA,a2,8
data/encuesta/Murtagh Alejandro.xlsx,Lavalle 1681,NA,a3,9
data/encuesta/Murtagh Alejandro.xlsx,Lavalle 1681,NA,a4,8
data/encuesta/Murtagh Alejandro.xlsx,Lavalle 1681,NA,b1,9
data/encuesta/Murtagh Alejandro.xlsx,Lavalle 1681,NA,b2,10
data/encuesta/Murtagh Alejandro.xlsx,Lavalle 1681,NA,b3,10
data/encuesta/Murtagh Alejandro.xlsx,Barragan 366,NA,a1,6
data/encuesta/Murtagh Alejandro.xlsx,Barragan 366,NA,a3,7
data/encuesta/Murtagh Alejandro.xlsx,Barragan 366,NA,a4,7
data/encuesta/Murtagh Alejandro.xlsx,Barragan 366,NA,b1,7
data/encuesta/Murtagh Alejandro.xlsx,Barragan 366,NA,b2,7
data/encuesta/Murtagh Alejandro.xlsx,Barragan 366,NA,b3,7
data/encuesta/Murtagh Alejandro.xlsx,Libertad 581,NA,a1,8
data/encuesta/Murtagh Alejandro.xlsx,Libertad 581,NA,a2,8
data/encuesta/Murtagh Alejandro.xlsx,Libertad 581,NA,a3,8
data/encuesta/Murtagh Alejandro.xlsx,Libertad 581,NA,a4,8
data/encuesta/Murtagh Alejandro.xlsx,Libertad 581,NA,b1,8
data/encuesta/Murtagh Alejandro.xlsx,Libertad 581,NA,b2,8
data/encuesta/Murtagh Alejandro.xlsx,Libertad 581,NA,b3,8
data/encuesta/Murtagh Alejandro.xlsx,Cuzco 116,NA,a1,8
data/encuesta/Murtagh Alejandro.xlsx,Cuzco 116,NA,a2,8
data/encuesta/Murtagh Alejandro.xlsx,Cuzco 116,NA,a3,8
data/encuesta/Murtagh Alejandro.xlsx,Cuzco 116,NA,a4,8
data/encuesta/Murtagh Alejandro.xlsx,Cuzco 116,NA,b1,8
data/encuesta/Murtagh Alejandro.xlsx,Cuzco 116,NA,b2,8
data/encuesta/Murtagh Alejandro.xlsx,Cuzco 116,NA,b3,9
data/encuesta/Nuñez Ignacio.xlsx,Talcahuano 680,NA,a1,8
data/encuesta/Nuñez Ignacio.xlsx,Talcahuano 680,NA,a2,7
data/encuesta/Nuñez Ignacio.xlsx,Talcahuano 680,NA,a3,7
data/encuesta/Nuñez Ignacio.xlsx,Talcahuano 680,NA,a4,7
data/encuesta/Nuñez Ignacio.xlsx,Talcahuano 680,NA,b1,8
data/encuesta/Nuñez Ignacio.xlsx,Talcahuano 680,NA,b2,7
data/encuesta/Nuñez Ignacio.xlsx,Talcahuano 680,NA,b3,8
data/encuesta/Nuñez Ignacio.xlsx,Peron 1149,NA,a1,8
data/encuesta/Nuñez Ignacio.xlsx,Peron 1149,NA,a2,6
data/encuesta/Nuñez Ignacio.xlsx,Peron 1149,NA,a3,7
data/encuesta/Nuñez Ignacio.xlsx,Peron 1149,NA,a4,7
data/encuesta/Nuñez Ignacio.xlsx,Peron 1149,NA,b1,7
data/encuesta/Nuñez Ignacio.xlsx,Peron 1149,NA,b2,8
data/encuesta/Nuñez Ignacio.xlsx,Peron 1149,NA,b3,7
data/encuesta/Nuñez Ignacio.xlsx,Tacuari 567,NA,a1,6
data/encuesta/Nuñez Ignacio.xlsx,Tacuari 567,NA,a2,5
data/encuesta/Nuñez Ignacio.xlsx,Tacuari 567,NA,a3,5
data/encuesta/Nuñez Ignacio.xlsx,Tacuari 567,NA,a4,5
data/encuesta/Nuñez Ignacio.xlsx,Tacuari 567,NA,b1,5
data/encuesta/Nuñez Ignacio.xlsx,Tacuari 567,NA,b2,4
data/encuesta/Nuñez Ignacio.xlsx,Tacuari 567,NA,b3,5
data/encuesta/Nuñez Ignacio.xlsx,San Martin 458,NA,a1,5
data/encuesta/Nuñez Ignacio.xlsx,San Martin 458,NA,a2,5
data/encuesta/Nuñez Ignacio.xlsx,San Martin 458,NA,a3,6
data/encuesta/Nuñez Ignacio.xlsx,San Martin 458,NA,a4,5
data/encuesta/Nuñez Ignacio.xlsx,San Martin 458,NA,b1,6
data/encuesta/Nuñez Ignacio.xlsx,San Martin 458,NA,b2,5
data/encuesta/Nuñez Ignacio.xlsx,San Martin 458,NA,b3,5
data/encuesta/Nuñez Ignacio.xlsx,San Jose 1985 Tomas Guido,NA,a1,7
data/encuesta/Nuñez Ignacio.xlsx,San Jose 1985 Tomas Guido,NA,a2,6
data/encuesta/Nuñez Ignacio.xlsx,San Jose 1985 Tomas Guido,NA,a3,6
data/encuesta/Nuñez Ignacio.xlsx,San Jose 1985 Tomas Guido,NA,a4,6
data/encuesta/Nuñez Ignacio.xlsx,San Jose 1985 Tomas Guido,NA,b1,7
data/encuesta/Nuñez Ignacio.xlsx,San Jose 1985 Tomas Guido,NA,b2,8
data/encuesta/Nuñez Ignacio.xlsx,San Jose 1985 Tomas Guido,NA,b3,7
data/encuesta/Nuñez Ignacio.xlsx,San Jose 1985 JIN,NA,a1,6
data/encuesta/Nuñez Ignacio.xlsx,San Jose 1985 JIN,NA,a2,5
data/encuesta/Nuñez Ignacio.xlsx,San Jose 1985 JIN,NA,a3,6
data/encuesta/Nuñez Ignacio.xlsx,San Jose 1985 JIN,NA,a4,6
data/encuesta/Nuñez Ignacio.xlsx,San Jose 1985 JIN,NA,b1,7
data/encuesta/Nuñez Ignacio.xlsx,San Jose 1985 JIN,NA,b2,6
data/encuesta/Nuñez Ignacio.xlsx,San Jose 1985 JIN,NA,b3,6
data/encuesta/Nuñez Ignacio.xlsx,Defensa 1431,NA,a1,7
data/encuesta/Nuñez Ignacio.xlsx,Defensa 1431,NA,a2,6
data/encuesta/Nuñez Ignacio.xlsx,Defensa 1431,NA,a3,7
data/encuesta/Nuñez Ignacio.xlsx,Defensa 1431,NA,a4,6
data/encuesta/Nuñez Ignacio.xlsx,Defensa 1431,NA,b1,7
data/encuesta/Nuñez Ignacio.xlsx,Defensa 1431,NA,b2,7
data/encuesta/Nuñez Ignacio.xlsx,Defensa 1431,NA,b3,6
data/encuesta/Parra Agustin.xlsx,EPC 15 DE 17,NA,a1,7
data/encuesta/Parra Agustin.xlsx,EPC 15 DE 17,NA,a2,8
data/encuesta/Parra Agustin.xlsx,EPC 15 DE 17,NA,a3,7
data/encuesta/Parra Agustin.xlsx,EPC 15 DE 17,NA,a4,6
data/encuesta/Parra Agustin.xlsx,EPC 15 DE 17,NA,b1,8
data/encuesta/Parra Agustin.xlsx,EPC 15 DE 17,NA,b2,8
data/encuesta/Parra Agustin.xlsx,EPC 15 DE 17,NA,b3,8
data/encuesta/Parra Agustin.xlsx,EPC 1 DE 16,NA,a1,7
data/encuesta/Parra Agustin.xlsx,EPC 1 DE 16,NA,a2,7
data/encuesta/Parra Agustin.xlsx,EPC 1 DE 16,NA,a3,7
data/encuesta/Parra Agustin.xlsx,EPC 1 DE 16,NA,a4,7
data/encuesta/Parra Agustin.xlsx,EPC 1 DE 16,NA,b1,7
data/encuesta/Parra Agustin.xlsx,EPC 1 DE 16,NA,b2,7
data/encuesta/Parra Agustin.xlsx,EPC 1 DE 16,NA,b3,6
data/encuesta/Parra Agustin.xlsx,JIC 3 DE 16,NA,a1,7
data/encuesta/Parra Agustin.xlsx,JIC 3 DE 16,NA,a2,7
data/encuesta/Parra Agustin.xlsx,JIC 3 DE 16,NA,a3,6
data/encuesta/Parra Agustin.xlsx,JIC 3 DE 16,NA,a4,6
data/encuesta/Parra Agustin.xlsx,JIC 3 DE 16,NA,b1,8
data/encuesta/Parra Agustin.xlsx,JIC 3 DE 16,NA,b2,8
data/encuesta/Parra Agustin.xlsx,JIC 3 DE 16,NA,b3,9
data/encuesta/Parra Agustin.xlsx,JIC 2 DE 17,NA,a1,9
data/encuesta/Parra Agustin.xlsx,JIC 2 DE 17,NA,a2,7
data/encuesta/Parra Agustin.xlsx,JIC 2 DE 17,NA,a3,9
data/encuesta/Parra Agustin.xlsx,JIC 2 DE 17,NA,a4,8
data/encuesta/Parra Agustin.xlsx,JIC 2 DE 17,NA,b1,9
data/encuesta/Parra Agustin.xlsx,JIC 2 DE 17,NA,b2,8
data/encuesta/Parra Agustin.xlsx,JIC 2 DE 17,NA,b3,8
data/encuesta/Paz Luis.xlsx,Politecnica MB,NA,a1,7
data/encuesta/Paz Luis.xlsx,Politecnica MB,NA,a2,7
data/encuesta/Paz Luis.xlsx,Politecnica MB,NA,a3,9
data/encuesta/Paz Luis.xlsx,Politecnica MB,NA,a4,8
data/encuesta/Paz Luis.xlsx,Politecnica MB,NA,b1,9
data/encuesta/Paz Luis.xlsx,Politecnica MB,NA,b2,10
data/encuesta/Paz Luis.xlsx,Politecnica MB,NA,b3,10
data/encuesta/Paz Luis.xlsx,Chacabuco 922,NA,a1,5
data/encuesta/Paz Luis.xlsx,Chacabuco 922,NA,a2,7
data/encuesta/Paz Luis.xlsx,Chacabuco 922,NA,a3,10
data/encuesta/Paz Luis.xlsx,Chacabuco 922,NA,a4,10
data/encuesta/Paz Luis.xlsx,Chacabuco 922,NA,b1,9
data/encuesta/Paz Luis.xlsx,Chacabuco 922,NA,b2,8
data/encuesta/Paz Luis.xlsx,Chacabuco 922,NA,b3,8
data/encuesta/Paz Luis.xlsx,LUIS SAENZ PEÑA 1215,NA,a1,5
data/encuesta/Paz Luis.xlsx,LUIS SAENZ PEÑA 1215,NA,a2,7
data/encuesta/Paz Luis.xlsx,LUIS SAENZ PEÑA 1215,NA,a3,5
data/encuesta/Paz Luis.xlsx,LUIS SAENZ PEÑA 1215,NA,a4,6
data/encuesta/Paz Luis.xlsx,LUIS SAENZ PEÑA 1215,NA,b1,5
data/encuesta/Paz Luis.xlsx,LUIS SAENZ PEÑA 1215,NA,b2,5
data/encuesta/Paz Luis.xlsx,LUIS SAENZ PEÑA 1215,NA,b3,5
data/encuesta/Quirico Marisa.xlsx,JIN D DE 18,NA,a1,8
data/encuesta/Quirico Marisa.xlsx,JIN D DE 18,NA,a3,8
data/encuesta/Quirico Marisa.xlsx,JIN D DE 18,NA,a4,9
data/encuesta/Quirico Marisa.xlsx,JIN D DE 18,NA,b1,9
data/encuesta/Quirico Marisa.xlsx,JIN D DE 18,NA,b2,9
data/encuesta/Quirico Marisa.xlsx,JIN D DE 18,NA,b3,9
data/encuesta/Quirico Marisa.xlsx,JIC 1 DE 17,NA,a1,7
data/encuesta/Quirico Marisa.xlsx,JIC 1 DE 17,NA,a3,7
data/encuesta/Quirico Marisa.xlsx,JIC 1 DE 17,NA,a4,7
data/encuesta/Quirico Marisa.xlsx,JIC 1 DE 17,NA,b1,9
data/encuesta/Quirico Marisa.xlsx,JIC 1 DE 17,NA,b2,8
data/encuesta/Quirico Marisa.xlsx,JIC 1 DE 17,NA,b3,9
data/encuesta/Quirico Marisa.xlsx,EPC 14 DE 17,NA,a1,7
data/encuesta/Quirico Marisa.xlsx,EPC 14 DE 17,NA,a2,7
data/encuesta/Quirico Marisa.xlsx,EPC 14 DE 17,NA,a3,7
data/encuesta/Quirico Marisa.xlsx,EPC 14 DE 17,NA,a4,7
data/encuesta/Quirico Marisa.xlsx,EPC 14 DE 17,NA,b1,8
data/encuesta/Quirico Marisa.xlsx,EPC 14 DE 17,NA,b2,8
data/encuesta/Quirico Marisa.xlsx,EPC 14 DE 17,NA,b3,9
data/encuesta/Ramponi Magali.xlsx,PRI 02 DE 02,NA,a1,10
data/encuesta/Ramponi Magali.xlsx,PRI 02 DE 02,NA,a2,10
data/encuesta/Ramponi Magali.xlsx,PRI 02 DE 02,NA,a3,10
data/encuesta/Ramponi Magali.xlsx,PRI 02 DE 02,NA,a4,10
data/encuesta/Ramponi Magali.xlsx,PRI 02 DE 02,NA,b1,10
data/encuesta/Ramponi Magali.xlsx,PRI 02 DE 02,NA,b2,10
data/encuesta/Ramponi Magali.xlsx,PRI 02 DE 02,NA,b3,10
data/encuesta/Ramponi Magali.xlsx,COM 10 DE 01,NA,a1,8
data/encuesta/Ramponi Magali.xlsx,COM 10 DE 01,NA,a2,9
data/encuesta/Ramponi Magali.xlsx,COM 10 DE 01,NA,a2,10
data/encuesta/Ramponi Magali.xlsx,COM 10 DE 01,NA,a3,8
data/encuesta/Ramponi Magali.xlsx,COM 10 DE 01,NA,a4,10
data/encuesta/Ramponi Magali.xlsx,COM 10 DE 01,NA,b1,9
data/encuesta/Ramponi Magali.xlsx,COM 10 DE 01,NA,b2,8
data/encuesta/Ramponi Magali.xlsx,COM 10 DE 01,NA,b3,10
data/encuesta/Ramponi Magali.xlsx,EI 07 DE 01,NA,a1,10
data/encuesta/Ramponi Magali.xlsx,EI 07 DE 01,NA,a2,10
data/encuesta/Ramponi Magali.xlsx,EI 07 DE 01,NA,a3,10
data/encuesta/Ramponi Magali.xlsx,EI 07 DE 01,NA,a4,9
data/encuesta/Ramponi Magali.xlsx,EI 07 DE 01,NA,b1,9
data/encuesta/Ramponi Magali.xlsx,EI 07 DE 01,NA,b2,8
data/encuesta/Ramponi Magali.xlsx,EI 07 DE 01,NA,b3,10
data/encuesta/Ramponi Magali.xlsx,PRI 24 DE 01,NA,a1,8
data/encuesta/Ramponi Magali.xlsx,PRI 24 DE 01,NA,a2,10
data/encuesta/Ramponi Magali.xlsx,PRI 24 DE 01,NA,a3,8
data/encuesta/Ramponi Magali.xlsx,PRI 24 DE 01,NA,a4,9
data/encuesta/Ramponi Magali.xlsx,PRI 24 DE 01,NA,b1,10
data/encuesta/Ramponi Magali.xlsx,PRI 24 DE 01,NA,b2,8
data/encuesta/Ramponi Magali.xlsx,PRI 24 DE 01,NA,b3,10
data/encuesta/Ramponi Magali.xlsx,PRI 23 DE 01,NA,a1,10
data/encuesta/Ramponi Magali.xlsx,PRI 23 DE 01,NA,a2,10
data/encuesta/Ramponi Magali.xlsx,PRI 23 DE 01,NA,a3,10
data/encuesta/Ramponi Magali.xlsx,PRI 23 DE 01,NA,a4,10
data/encuesta/Ramponi Magali.xlsx,PRI 23 DE 01,NA,b1,10
data/encuesta/Ramponi Magali.xlsx,PRI 23 DE 01,NA,b2,10
data/encuesta/Ramponi Magali.xlsx,PRI 23 DE 01,NA,b3,10
data/encuesta/Rastelli Cintia.xlsx,EPC 25,NA,a1,9
data/encuesta/Rastelli Cintia.xlsx,EPC 25,NA,a2,9
data/encuesta/Rastelli Cintia.xlsx,EPC 25,NA,a3,9
data/encuesta/Rastelli Cintia.xlsx,EPC 25,NA,a4,9
data/encuesta/Rastelli Cintia.xlsx,EPC 25,NA,b1,9
data/encuesta/Rastelli Cintia.xlsx,EPC 25,NA,b2,8
data/encuesta/Rastelli Cintia.xlsx,EPC 25,NA,b3,10
data/encuesta/Rastelli Cintia.xlsx,EPC 21 JJ Paso,NA,a1,10
data/encuesta/Rastelli Cintia.xlsx,EPC 21 JJ Paso,NA,a2,10
data/encuesta/Rastelli Cintia.xlsx,EPC 21 JJ Paso,NA,a3,9
data/encuesta/Rastelli Cintia.xlsx,EPC 21 JJ Paso,NA,a4,10
data/encuesta/Rastelli Cintia.xlsx,EPC 21 JJ Paso,NA,b1,9
data/encuesta/Rastelli Cintia.xlsx,EPC 21 JJ Paso,NA,b2,9
data/encuesta/Rastelli Cintia.xlsx,EPC 21 JJ Paso,NA,b3,10
data/encuesta/Rastelli Cintia.xlsx,EPC 2 Tomas Sta Colona,NA,a1,10
data/encuesta/Rastelli Cintia.xlsx,EPC 2 Tomas Sta Colona,NA,a2,10
data/encuesta/Rastelli Cintia.xlsx,EPC 2 Tomas Sta Colona,NA,a3,10
data/encuesta/Rastelli Cintia.xlsx,EPC 2 Tomas Sta Colona,NA,a4,10
data/encuesta/Rastelli Cintia.xlsx,EPC 2 Tomas Sta Colona,NA,b1,10
data/encuesta/Rastelli Cintia.xlsx,EPC 2 Tomas Sta Colona,NA,b2,10
data/encuesta/Rastelli Cintia.xlsx,EPC 2 Tomas Sta Colona,NA,b3,10
data/encuesta/Rastelli Cintia.xlsx,Colegio 10 J d SAn Martin,NA,a1,7
data/encuesta/Rastelli Cintia.xlsx,Colegio 10 J d SAn Martin,NA,a2,7
data/encuesta/Rastelli Cintia.xlsx,Colegio 10 J d SAn Martin,NA,a3,7
data/encuesta/Rastelli Cintia.xlsx,Colegio 10 J d SAn Martin,NA,a4,8
data/encuesta/Rastelli Cintia.xlsx,Colegio 10 J d SAn Martin,NA,b1,7
data/encuesta/Rastelli Cintia.xlsx,Colegio 10 J d SAn Martin,NA,b2,8
data/encuesta/Rastelli Cintia.xlsx,Colegio 10 J d SAn Martin,NA,b3,9
data/encuesta/Rodriguez Cristian.xlsx,EPC 14 DE 12,NA,a1,10
data/encuesta/Rodriguez Cristian.xlsx,EPC 14 DE 12,NA,a2,10
data/encuesta/Rodriguez Cristian.xlsx,EPC 14 DE 12,NA,a3,10
data/encuesta/Rodriguez Cristian.xlsx,EPC 14 DE 12,NA,a4,10
data/encuesta/Rodriguez Cristian.xlsx,EPC 14 DE 12,NA,b1,10
data/encuesta/Rodriguez Cristian.xlsx,EPC 14 DE 12,NA,b2,10
data/encuesta/Rodriguez Cristian.xlsx,EPC 14 DE 12,NA,b3,10
data/encuesta/Rodriguez Cristian.xlsx,EEF Nº 16 DE 12,NA,a1,9
data/encuesta/Rodriguez Cristian.xlsx,EEF Nº 16 DE 12,NA,a2,9
data/encuesta/Rodriguez Cristian.xlsx,EEF Nº 16 DE 12,NA,a3,10
data/encuesta/Rodriguez Cristian.xlsx,EEF Nº 16 DE 12,NA,a4,10
data/encuesta/Rodriguez Cristian.xlsx,EEF Nº 16 DE 12,NA,b1,9
data/encuesta/Rodriguez Cristian.xlsx,EEF Nº 16 DE 12,NA,b2,9
data/encuesta/Rodriguez Cristian.xlsx,EEF Nº 16 DE 12,NA,b3,9
data/encuesta/Rodriguez Cristian.xlsx,EPC 8 DE 12,NA,a1,8
data/encuesta/Rodriguez Cristian.xlsx,EPC 8 DE 12,NA,a2,9
data/encuesta/Rodriguez Cristian.xlsx,EPC 8 DE 12,NA,a3,8
data/encuesta/Rodriguez Cristian.xlsx,EPC 8 DE 12,NA,a4,10
data/encuesta/Rodriguez Cristian.xlsx,EPC 8 DE 12,NA,b1,10
data/encuesta/Rodriguez Cristian.xlsx,EPC 8 DE 12,NA,b2,9
data/encuesta/Rodriguez Cristian.xlsx,EPC 8 DE 12,NA,b3,8
data/encuesta/Tassi Roberto.xlsx,EPC 11 DE 4,NA,a1,7
data/encuesta/Tassi Roberto.xlsx,EPC 11 DE 4,NA,a2,7
data/encuesta/Tassi Roberto.xlsx,EPC 11 DE 4,NA,a3,8
data/encuesta/Tassi Roberto.xlsx,EPC 11 DE 4,NA,a4,7
data/encuesta/Tassi Roberto.xlsx,EPC 11 DE 4,NA,b1,7
data/encuesta/Tassi Roberto.xlsx,EPC 11 DE 4,NA,b2,9
data/encuesta/Tassi Roberto.xlsx,EPC 11 DE 4,NA,b3,10
data/encuesta/Tassi Roberto.xlsx,EPC 10 DE 4,NA,a1,6
data/encuesta/Tassi Roberto.xlsx,EPC 10 DE 4,NA,a2,7
data/encuesta/Tassi Roberto.xlsx,EPC 10 DE 4,NA,a3,7
data/encuesta/Tassi Roberto.xlsx,EPC 10 DE 4,NA,a4,7
data/encuesta/Tassi Roberto.xlsx,EPC 10 DE 4,NA,b1,6
data/encuesta/Tassi Roberto.xlsx,EPC 10 DE 4,NA,b2,6
data/encuesta/Tassi Roberto.xlsx,EPC 10 DE 4,NA,b3,9
data/encuesta/Tassi Roberto.xlsx,EPC 17 DE 5,NA,a1,8
data/encuesta/Tassi Roberto.xlsx,EPC 17 DE 5,NA,a2,8
data/encuesta/Tassi Roberto.xlsx,EPC 17 DE 5,NA,a3,8
data/encuesta/Tassi Roberto.xlsx,EPC 17 DE 5,NA,a4,8
data/encuesta/Tassi Roberto.xlsx,EPC 17 DE 5,NA,b1,7
data/encuesta/Tassi Roberto.xlsx,EPC 17 DE 5,NA,b2,9
data/encuesta/Tassi Roberto.xlsx,EPC 17 DE 5,NA,b3,9
data/encuesta/Tassi Roberto.xlsx,EPC 20 DE 5,NA,a1,8
data/encuesta/Tassi Roberto.xlsx,EPC 20 DE 5,NA,a2,7
data/encuesta/Tassi Roberto.xlsx,EPC 20 DE 5,NA,a3,9
data/encuesta/Tassi Roberto.xlsx,EPC 20 DE 5,NA,a4,9
data/encuesta/Tassi Roberto.xlsx,EPC 20 DE 5,NA,b1,9
data/encuesta/Tassi Roberto.xlsx,EPC 20 DE 5,NA,b2,9
data/encuesta/Tassi Roberto.xlsx,EPC 20 DE 5,NA,b3,9
data/encuesta/Tassi Roberto.xlsx,JIC 4 DE 4,NA,a1,7
data/encuesta/Tassi Roberto.xlsx,JIC 4 DE 4,NA,a2,8
data/encuesta/Tassi Roberto.xlsx,JIC 4 DE 4,NA,a3,8
data/encuesta/Tassi Roberto.xlsx,JIC 4 DE 4,NA,a4,8
data/encuesta/Tassi Roberto.xlsx,JIC 4 DE 4,NA,b1,8
data/encuesta/Tassi Roberto.xlsx,JIC 4 DE 4,NA,b2,7
data/encuesta/Tassi Roberto.xlsx,JIC 4 DE 4,NA,b3,7
data/encuesta/Tassi Roberto.xlsx,EI 7 DE 4,NA,a1,8
data/encuesta/Tassi Roberto.xlsx,EI 7 DE 4,NA,a2,8
data/encuesta/Tassi Roberto.xlsx,EI 7 DE 4,NA,a3,8
data/encuesta/Tassi Roberto.xlsx,EI 7 DE 4,NA,a4,8
data/encuesta/Tassi Roberto.xlsx,EI 7 DE 4,NA,b1,8
data/encuesta/Tassi Roberto.xlsx,EI 7 DE 4,NA,b2,9
data/encuesta/Tassi Roberto.xlsx,EI 7 DE 4,NA,b3,9
data/encuesta/Villareal Santiago.xlsx, Primaria Nº 26 DE 14,NA,a1,7
data/encuesta/Villareal Santiago.xlsx, Primaria Nº 26 DE 14,NA,a2,7
data/encuesta/Villareal Santiago.xlsx, Primaria Nº 26 DE 14,NA,a3,8
data/encuesta/Villareal Santiago.xlsx, Primaria Nº 26 DE 14,NA,a4,10
data/encuesta/Villareal Santiago.xlsx, Primaria Nº 26 DE 14,NA,b1,9
data/encuesta/Villareal Santiago.xlsx, Primaria Nº 26 DE 14,NA,b2,9
data/encuesta/Villareal Santiago.xlsx, Primaria Nº 26 DE 14,NA,b3,9
data/encuesta/Villareal Santiago.xlsx,Primaria Nº 16 DE 14,NA,a1,6
data/encuesta/Villareal Santiago.xlsx,Primaria Nº 16 DE 14,NA,a2,8
data/encuesta/Villareal Santiago.xlsx,Primaria Nº 16 DE 14,NA,a3,7
data/encuesta/Villareal Santiago.xlsx,Primaria Nº 16 DE 14,NA,a4,9
data/encuesta/Villareal Santiago.xlsx,Primaria Nº 16 DE 14,NA,b1,6
data/encuesta/Villareal Santiago.xlsx,Primaria Nº 16 DE 14,NA,b2,6
data/encuesta/Villareal Santiago.xlsx,Primaria Nº 16 DE 14,NA,b3,6
data/encuesta/Villareal Santiago.xlsx,Interdisciplinaria Nº 12 DE 12,NA,a1,8
data/encuesta/Villareal Santiago.xlsx,Interdisciplinaria Nº 12 DE 12,NA,a2,9
data/encuesta/Villareal Santiago.xlsx,Interdisciplinaria Nº 12 DE 12,NA,a3,10
data/encuesta/Villareal Santiago.xlsx,Interdisciplinaria Nº 12 DE 12,NA,a4,10
data/encuesta/Villareal Santiago.xlsx,Interdisciplinaria Nº 12 DE 12,NA,b1,10
data/encuesta/Villareal Santiago.xlsx,Interdisciplinaria Nº 12 DE 12,NA,b2,10
data/encuesta/Villareal Santiago.xlsx,Interdisciplinaria Nº 12 DE 12,NA,b3,10
data/encuesta/Villareal Santiago.xlsx,Media Nº 02 DE 14,NA,a1,9
data/encuesta/Villareal Santiago.xlsx,Media Nº 02 DE 14,NA,a2,8
data/encuesta/Villareal Santiago.xlsx,Media Nº 02 DE 14,NA,a3,8
data/encuesta/Villareal Santiago.xlsx,Media Nº 02 DE 14,NA,a4,8
data/encuesta/Villareal Santiago.xlsx,Media Nº 02 DE 14,NA,b1,8
data/encuesta/Villareal Santiago.xlsx,Media Nº 02 DE 14,NA,b2,8
data/encuesta/Villareal Santiago.xlsx,Media Nº 02 DE 14,NA,b3,8
data/encuesta/Zazali Ornela.xlsx,EPC N° 14 DE 1,NA,a1,7
data/encuesta/Zazali Ornela.xlsx,EPC N° 14 DE 1,NA,a2,5
data/encuesta/Zazali Ornela.xlsx,EPC N° 14 DE 1,NA,a3,4
data/encuesta/Zazali Ornela.xlsx,EPC N° 14 DE 1,NA,a4,7
data/encuesta/Zazali Ornela.xlsx,EPC N° 14 DE 1,NA,b1,8
data/encuesta/Zazali Ornela.xlsx,EPC N° 14 DE 1,NA,b2,7
data/encuesta/Zazali Ornela.xlsx,EPC N° 14 DE 1,NA,b3,10
data/encuesta/Zazali Ornela.xlsx,EPC N° 12 DE 6,NA,a1,6
data/encuesta/Zazali Ornela.xlsx,EPC N° 12 DE 6,NA,a3,5
data/encuesta/Zazali Ornela.xlsx,EPC N° 12 DE 6,NA,a4,8
data/encuesta/Zazali Ornela.xlsx,EPC N° 12 DE 6,NA,b1,8
data/encuesta/Zazali Ornela.xlsx,EPC N° 12 DE 6,NA,b2,8
data/encuesta/Zazali Ornela.xlsx,EPC N° 12 DE 6,NA,b3,10
data/encuesta/Zazali Ornela.xlsx,JIN B EPCJC 14 01°  S ,NA,a1,8
data/encuesta/Zazali Ornela.xlsx,JIN B EPCJC 14 01°  S ,NA,a2,6
data/encuesta/Zazali Ornela.xlsx,JIN B EPCJC 14 01°  S ,NA,a3,7
data/encuesta/Zazali Ornela.xlsx,JIN B EPCJC 14 01°  S ,NA,a4,7
data/encuesta/Zazali Ornela.xlsx,JIN B EPCJC 14 01°  S ,NA,b1,9
data/encuesta/Zazali Ornela.xlsx,JIN B EPCJC 14 01°  S ,NA,b2,8
data/encuesta/Zazali Ornela.xlsx,JIN B EPCJC 14 01°  S ,NA,b3,10
data/encuesta/Zazali Ornela.xlsx,EPC N° 05 PAUL GROUSSAC,NA,a1,2
data/encuesta/Zazali Ornela.xlsx,EPC N° 05 PAUL GROUSSAC,NA,a2,3
data/encuesta/Zazali Ornela.xlsx,EPC N° 05 PAUL GROUSSAC,NA,a3,1
data/encuesta/Zazali Ornela.xlsx,EPC N° 05 PAUL GROUSSAC,NA,a4,3
data/encuesta/Zazali Ornela.xlsx,EPC N° 05 PAUL GROUSSAC,NA,b1,7
data/encuesta/Zazali Ornela.xlsx,EPC N° 05 PAUL GROUSSAC,NA,b2,5
data/encuesta/Zazali Ornela.xlsx,EPC N° 05 PAUL GROUSSAC,NA,b3,5
data/encuesta/Zazali Ornela.xlsx,LICEO N° 10 RICARDO ROJAS,NA,a1,5
data/encuesta/Zazali Ornela.xlsx,LICEO N° 10 RICARDO ROJAS,NA,a2,6
data/encuesta/Zazali Ornela.xlsx,LICEO N° 10 RICARDO ROJAS,NA,a3,8
data/encuesta/Zazali Ornela.xlsx,LICEO N° 10 RICARDO ROJAS,NA,a4,8
data/encuesta/Zazali Ornela.xlsx,LICEO N° 10 RICARDO ROJAS,NA,b1,7
data/encuesta/Zazali Ornela.xlsx,LICEO N° 10 RICARDO ROJAS,NA,b2,8
data/encuesta/Zazali Ornela.xlsx,LICEO N° 10 RICARDO ROJAS,NA,b3,10
